FlightNo,Origin,Destination,ScheduledDepartureTime
6E102,IXC,BOM,23:30
6E103,IXC,PNQ,00:05
6E104,IXC,BDQ,15:35
6E105,IXC,BDQ,15:05
6E107,NAG,BLR,08:15
6E108,IXC,IXC,09:35
6E112,IXC,AMD,12:05
6E113,COK,BLR,10:10
6E114,COK,JAI,19:15
6E115,LKO,CCU,00:30
6E117,IXC,VTZ,18:40
6E118,NAG,LKO,23:30
6E121,IXC,HYD,16:55
6E122,NAG,GOX,13:10
6E133,NAG,JDH,12:15
6E134,IXC,AMD,08:10
6E137,NAG,BLR,17:00
6E138,COK,BOM,07:45
6E138,LKO,CCU,05:15
6E139,COK,RPR,06:05
6E142,LKO,CCU,07:00
6E143,BHU,MAA,19:35
6E143,IXC,BBI,17:50
6E144,COK,BLR,19:50
6E145,BHU,MAA,20:10
6E145,IXC,BBI,22:05
6E146,IXC,LKO,05:55
6E146,IXC,AJL,10:15
6E146,LKO,IXC,07:15
6E146,LKO,GAU,07:55
6E147,IDR,PNQ,22:00
6E147,NAG,IDR,23:20
6E154,IXC,HSR,13:55
6E155,IXC,HSR,13:25
6E155,IXC,JAI,08:25
6E155,IXC,AMD,08:25
6E155,NAG,GOX,12:00
6E158,IXC,AJL,18:30
6E159,IXC,BLR,07:10
6E161,IXC,TRV,19:45
6E162,IXC,CCU,15:20
6E162,COK,GOI,18:10
6E163,LKO,BDQ,15:35
6E163,LKO,GOP,18:50
6E165,LKO,IXE,14:00
6E166,IXC,PNQ,15:15
6E166,NAG,DEL,13:30
6E169,IXC,COK,19:35
6E171,IXC,COK,20:20
6E171,COK,HYD,18:45
6E173,IXC,BLR,10:30
6E175,IXC,BLR,13:40
6E180,IXC,BLR,13:15
6E181,IXC,BLR,16:35
6E182,IXC,COK,16:50
6E183,IXC,PNQ,15:40
6E183,NAG,MAA,17:20
6E185,TRZ,BLR,22:30
6E187,IXC,HYD,19:20
6E187,IXC,GAU,22:20
6E189,IXC,BLR,20:10
6E191,IXC,IXR,21:45
6E192,NAG,CCU,08:45
6E192,NAG,DEL,08:45
6E194,IXC,BLR,07:30
6E195,LKO,HYD,01:40
6E196,LKO,BLR,15:10
6E199,COK,BOM,16:00
6E199,LKO,COK,13:55
6E199,LKO,CJB,14:00
6E200,IXC,HYD,16:55
6E200,COK,BOM,16:30
6E200,LKO,COK,18:55
6E2002,IXC,SAG,17:45
6E2002,NAG,MAA,15:50
6E201,IXC,CCU,12:10
6E201,COK,GAU,08:45
6E201,COK,ATQ,09:25
6E201,COK,DED,09:25
6E2010,IXC,IDR,21:05
6E2019,IXC,IDR,23:55
6E2026,IXC,LKO,08:55
6E2027,IXC,HYD,21:30
6E2027,IXC,DEL,23:45
6E2028,IXC,GOI,16:40
6E2028,IXC,CJB,19:05
6E2029,IXC,GOI,22:15
6E203,LKO,RDP,13:35
6E2031,IXC,DIB,06:55
6E2033,IXC,AMD,07:10
6E204,IXC,COK,21:05
6E2043,LKO,PAT,12:05
6E2044,IXC,SXR,17:50
6E2044,IXC,IXJ,17:50
6E2044,JAL,SXR,15:40
6E2044,JAL,DEL,16:20
6E2044,NAG,DEL,14:15
6E2044,NAG,IXJ,14:55
6E2046,LKO,HYD,07:50
6E205,LKO,GOI,01:20
6E2051,IXC,HYD,11:20
6E2053,IDR,BOM,06:40
6E2053,LKO,IDR,08:10
6E2055,IXC,LKO,10:10
6E2058,IXC,LKO,00:25
6E206,IXC,HYD,00:50
6E206,IXC,GOI,01:55
6E2064,BHU,GAU,07:30
6E2067,LKO,CCJ,17:35
6E2068,NAG,DEL,18:50
6E207,IXC,CCU,11:15
6E207,JAI,CCU,07:35
6E207,COK,JAI,09:50
6E207,COK,IMF,10:40
6E2073,IXC,TRZ,16:00
6E2075,TIR,DEL,09:00
6E2079,IXC,CCU,23:15
6E2079,COK,DEL,20:45
6E208,IXC,VTZ,13:45
6E209,NAG,MAA,19:10
6E2091,IXC,GOI,15:50
6E2091,IXC,DEL,13:15
6E2094,JAL,DEL,12:35
6E2106,COK,IXZ,05:55
6E2107,IXC,LKO,08:10
6E2107,LKO,DEL,09:20
6E2108,LKO,DEL,06:00
6E211,IXC,RPR,07:25
6E211,COK,GOI,05:40
6E211,NAG,GOI,09:55
6E2110,IXC,AMD,11:20
6E2111,IXC,AMD,12:00
6E2119,IXC,CCU,09:15
6E2119,COK,DEL,06:45
6E2126,NAG,DEL,09:10
6E2129,NAG,DEL,12:00
6E2133,IXC,BOM,11:30
6E2133,LKO,GOX,12:45
6E2134,IXC,PAT,12:35
6E2134,NAG,BLR,10:55
6E2138,LKO,GOX,09:50
6E214,IXC,BOM,17:30
6E214,LKO,GAU,14:35
6E2153,IXC,IXB,17:05
6E2154,IXC,IXS,10:40
6E2157,IXC,BOM,09:00
6E2158,IXC,KNU,16:00
6E2158,JAL,DEL,14:40
6E2159,LKO,DEL,17:45
6E216,IXC,VTZ,20:35
6E2163,IXC,PAT,10:20
6E2163,NAG,DEL,08:30
6E2165,NAG,CCU,06:50
6E2166,COK,IXZ,18:50
6E2168,TRZ,BOM,20:05
6E2171,IXC,TRZ,23:20
6E2172,IXC,LKO,13:15
6E2172,LKO,DEL,14:35
6E2178,TRZ,HYD,13:05
6E2187,IXC,CCU,22:00
6E2187,COK,DEL,19:30
6E2188,IXC,TRV,09:20
6E2188,TRZ,DEL,06:00
6E2195,IXC,DEL,12:35
6E2195,IXC,GOI,13:45
6E2196,IXC,DEL,15:25
6E2198,IXC,DGH,11:00
6E2207,IXC,BHO,15:25
6E2207,IXC,SXR,15:25
6E2207,NAG,DEL,16:40
6E2209,IXC,AMD,22:45
6E221,NAG,BLR,20:40
6E2214,NAG,MAA,17:45
6E2228,IXC,DEL,05:55
6E2229,IXC,MAA,09:30
6E2233,IXC,HYD,22:20
6E2233,IXC,DEL,20:00
6E2241,IXC,IXB,17:45
6E2245,LKO,BOM,21:15
6E225,IDR,BOM,23:15
6E225,IDR,IDR,08:25
6E2251,IXC,IXS,08:30
6E2253,IXC,HYD,23:00
6E2270,IXC,IXD,16:35
6E2273,IXC,BOM,10:00
6E2273,LKO,CJB,16:25
6E2275,IXC,CJB,05:20
6E2276,IXC,DEL,09:00
6E2276,IXC,CJB,12:05
6E2278,IXC,PNQ,01:20
6E2278,NAG,IDR,23:20
6E2293,IXC,JAI,18:15
6E2293,IXC,IXJ,18:15
6E2293,JAL,DEL,19:40
6E2293,LKO,DEL,19:20
6E230,IXC,MAA,15:50
6E230,IXC,DEL,22:15
6E230,IXC,JAI,22:35
6E230,IXC,HYD,22:35
6E2301,IXC,DEL,07:45
6E2308,IXC,AMD,04:30
6E2313,IXC,GOX,02:00
6E2313,IXC,GOI,11:10
6E2313,IXC,DEL,13:40
6E2315,IXC,DEL,06:25
6E2315,IXC,IXR,06:45
6E2316,IXC,GOI,07:55
6E2319,BHU,DEL,07:45
6E2319,IXC,BBI,10:15
6E2321,TRZ,DEL,13:00
6E233,COK,DEL,18:40
6E2334,IXC,VNS,11:05
6E2334,TRZ,DEL,12:30
6E234,COK,GOI,18:10
6E2343,NAG,DEL,04:25
6E2347,LKO,AMD,08:25
6E236,IXC,PNQ,04:55
6E236,NAG,MAA,06:35
6E2373,IXC,PAT,09:40
6E2379,IXC,HJR,10:00
6E238,IXC,PNQ,00:40
6E2382,IXC,COK,12:10
6E2386,IXC,DEL,01:55
6E240,IXC,HYD,13:00
6E2414,IXC,GAY,14:45
6E2416,IXC,GAY,14:05
6E2417,IXC,IMF,16:55
6E2418,LKO,IDR,16:50
6E2419,LKO,IDR,20:20
6E242,IXC,PNQ,05:55
6E242,COK,PNQ,02:10
6E242,NAG,COK,02:55
6E2425,IXC,PAT,14:25
6E243,IXC,HYD,08:55
6E243,IXC,MAA,07:40
6E244,IXC,AMD,03:55
6E2441,LKO,IXR,13:20
6E2442,LKO,LKO,08:15
6E2447,NAG,NAG,00:10
6E2447,NAG,AMD,00:10
6E2448,IXC,JAI,18:35
6E2448,IXC,SXR,18:35
6E2448,LKO,DEL,19:40
6E2448,NAG,DEL,20:00
6E2449,IXC,JAI,22:05
6E2449,IXC,BBI,20:45
6E2449,IXC,BDQ,20:45
6E2449,IXC,SXR,22:05
6E2449,LKO,DEL,20:50
6E2449,NAG,DEL,20:40
6E245,COK,AMD,06:20
6E2456,JAL,DEL,11:20
6E246,NAG,MAA,11:50
6E247,IXC,HYD,14:00
6E247,IXC,DEL,16:15
6E2471,NAG,DEL,06:55
6E2473,IXC,ATQ,23:35
6E2474,IXC,CCU,01:00
6E2474,COK,NAG,15:50
6E2475,COK,BLR,05:50
6E249,IXC,BLR,08:00
6E2491,IXC,AMD,06:20
6E2506,IXC,ATQ,07:20
6E2507,COK,DEL,09:30
6E251,JAI,BOM,10:55
6E2524,NAG,AMD,17:05
6E2526,IXC,CCU,19:30
6E2527,IXC,IXJ,21:30
6E2527,IXC,JAI,21:30
6E2527,JAL,DEL,20:15
6E2527,LKO,DEL,20:15
6E253,IXC,PNQ,03:05
6E253,NAG,MAA,04:45
6E254,IXC,MAA,23:55
6E254,IXC,CCU,23:45
6E255,IXC,RPR,22:20
6E255,IXC,MAA,23:25
6E2558,IDR,HYD,17:00
6E2559,IDR,HYD,13:20
6E256,LKO,BLR,10:40
6E2573,IXC,PAT,15:25
6E2573,NAG,HDO,13:45
6E2574,IXC,HDO,05:00
6E2575,IXC,BLR,05:30
6E2578,IXC,HDO,11:55
6E2578,IXC,AMD,12:45
6E2579,IXC,MAA,16:15
6E2579,IXC,BLR,08:55
6E2579,IXC,AMD,08:55
6E258,NAG,BHO,01:40
6E2581,IXC,BLR,14:10
6E2582,IXC,BLR,13:25
6E2584,IXC,IXL,12:30
6E2584,COK,IXC,12:50
6E2588,COK,HDO,07:35
6E2589,COK,HDO,12:40
6E2592,IXC,DEL,19:45
6E2592,IXC,DED,20:40
6E2601,NAG,DEL,23:00
6E2602,COK,DEL,16:10
6E261,NAG,BLR,17:30
6E2612,IXC,IXD,13:10
6E2612,NAG,DEL,14:30
6E262,IXC,SXR,12:55
6E262,NAG,IXC,11:35
6E263,IDR,BOM,13:10
6E2651,NAG,DEL,20:35
6E268,IDR,BOM,21:45
6E271,IXC,CCU,06:50
6E271,COK,GAU,05:40
6E272,LKO,ATQ,19:25
6E273,NAG,BOM,19:25
6E274,LKO,HSR,21:15
6E274,NAG,BOM,19:55
6E275,COK,IMF,14:00
6E2761,IXC,CJB,16:05
6E2761,IXC,MAA,18:50
6E2762,IXC,DEL,22:25
6E2766,IXC,BOM,04:00
6E2766,LKO,RPR,06:25
6E277,LKO,AMD,13:05
6E2774,COK,PNQ,03:35
6E2774,NAG,CCU,01:10
6E2786,IXC,BLR,08:00
6E2787,IXC,CCU,08:00
6E2788,COK,DEL,04:40
6E282,IXC,BOM,22:55
6E283,IXC,CCU,18:05
6E283,COK,HYD,20:05
6E284,IDR,BOM,06:40
6E286,IXC,TIR,05:45
6E286,TIR,DEL,08:30
6E287,IXC,HYD,08:30
6E287,IXC,GOX,07:10
6E288,IXC,BBI,05:50
6E289,IXC,HYD,08:00
6E289,IXC,MAA,06:35
6E291,IXC,IXL,11:15
6E291,JAL,IXL,11:05
6E291,COK,IXJ,10:10
6E292,COK,AMD,16:45
6E293,JAL,IXL,11:50
6E293,COK,IXJ,12:50
6E295,IXC,HYD,08:05
6E297,IXC,JDH,14:55
6E297,JAL,HYD,17:00
6E297,TRZ,HYD,16:40
6E2994,IXC,IXL,09:35
6E2995,IXC,SXR,07:40
6E301,LKO,DEL,07:00
6E302,IXC,BLR,15:10
6E304,IXC,COK,13:35
6E306,LKO,BLR,07:40
6E307,TRZ,HYD,11:35
6E311,NAG,HYD,15:10
6E312,COK,BLR,14:30
6E314,IXC,IDR,10:35
6E314,IDR,GOI,08:50
6E321,IXC,CCU,08:15
6E321,COK,MAA,10:40
6E326,JAL,CCU,13:10
6E326,COK,JRH,11:45
6E327,IXC,IXR,15:40
6E327,NAG,HYD,17:25
6E333,LKO,DEL,08:00
6E336,IXC,PNQ,01:20
6E336,NAG,HYD,00:10
6E337,NAG,HYD,03:25
6E338,LKO,PNQ,06:00
6E339,IXC,MAA,07:10
6E341,IXC,HYD,21:00
6E342,COK,PAT,21:35
6E343,IXC,TRV,07:55
6E344,IXC,PNQ,06:35
6E344,IXC,CCU,06:35
6E344,COK,MAA,05:15
6E345,NAG,CCU,11:20
6E347,IXC,IXB,13:55
6E348,IXC,AMD,23:20
6E351,IXC,PNQ,04:35
6E351,NAG,BLR,05:55
6E352,NAG,MAA,06:35
6E353,TRZ,BLR,23:40
6E353,TRZ,HYD,11:45
6E355,IXC,BOM,11:10
6E355,LKO,DEL,09:00
6E356,IXC,BLR,18:50
6E357,LKO,GOI,11:25
6E358,IXC,CNN,21:45
6E359,LKO,DEL,16:00
6E360,IXC,CCU,12:40
6E361,NAG,BLR,01:05
6E362,IXC,HYD,12:30
6E363,NAG,DEL,10:15
6E364,NAG,DEL,09:45
6E365,IXC,BLR,19:05
6E366,IXC,BHO,13:00
6E369,IXC,COK,00:55
6E370,IXC,DBR,17:35
6E374,IXC,GOI,18:45
6E376,COK,HYD,14:05
6E377,IXC,IDR,05:25
6E378,IDR,HYD,06:40
6E378,IDR,DEL,06:40
6E379,COK,DEL,08:15
6E380,IXC,CCU,13:00
6E380,COK,BLR,15:10
6E387,IXC,CCU,00:10
6E387,COK,MAA,23:30
6E388,LKO,BLR,20:05
6E391,NAG,BLR,07:25
6E394,IXC,CCU,11:45
6E395,IXC,BOM,21:00
6E395,LKO,DEL,23:25
6E398,NAG,HYD,09:30
6E399,IXC,IXC,18:00
6E401,IXC,VNS,18:30
6E402,IXC,PNQ,14:55
6E402,NAG,DED,14:10
6E402,NAG,HYD,16:05
6E403,IXC,PNQ,17:05
6E404,IXC,MAA,10:45
6E409,TRZ,HYD,19:55
6E410,JAL,BOM,15:00
6E410,LKO,UDR,13:40
6E410,LKO,JDH,13:40
6E410,TRZ,BOM,14:55
6E412,TRZ,BLR,11:35
6E413,IXC,BLR,06:45
6E414,JAL,BOM,15:00
6E414,NAG,JDH,16:10
6E415,JAI,BLR,11:45
6E417,COK,RPR,14:55
6E417,NAG,CCU,16:25
6E418,NAG,GOI,18:30
6E420,LKO,IXM,15:25
6E421,IXC,IXR,07:05
6E422,IXC,HYD,11:10
6E423,IXC,HYD,11:45
6E423,IXC,DED,14:10
6E424,IXC,DEL,06:00
6E425,IXC,HYD,09:00
6E426,IXC,PNQ,20:50
6E429,IXC,BLR,16:40
6E431,JAL,BOM,16:40
6E431,JAL,SXR,18:40
6E431,LKO,IXJ,19:25
6E431,LKO,SXR,19:45
6E431,NAG,IXJ,17:55
6E431,NAG,BOM,17:55
6E433,COK,AJL,12:50
6E434,IXC,DEL,15:20
6E434,IXC,MAA,12:20
6E435,COK,BLR,21:20
6E435,LKO,BLR,16:50
6E437,IXC,DEL,16:10
6E437,IXC,BLR,16:40
6E438,TRZ,CCU,11:55
6E442,COK,BLR,10:50
6E447,IXC,COK,13:05
6E449,IXC,BOM,05:00
6E449,LKO,DEL,07:15
6E453,IXC,LKO,12:00
6E453,IXC,AMD,10:05
6E453,IXC,BLR,10:05
6E455,COK,IMF,13:25
6E456,IXC,DEL,02:30
6E462,LKO,NAG,14:25
6E468,IXC,GAU,15:45
6E468,IXC,IXA,15:45
6E468,IXC,DIB,14:50
6E469,JAI,BLR,17:10
6E471,JAI,HYD,17:20
6E473,IXC,GDB,12:15
6E476,COK,PNQ,21:25
6E478,NAG,IXJ,14:45
6E479,IXC,MAA,11:15
6E482,IXC,TIR,09:25
6E486,NAG,BLR,21:35
6E489,IXC,HYD,19:55
6E490,LKO,TIR,14:55
6E490,TRZ,BOM,16:50
6E491,COK,IXA,13:10
6E495,IXC,HYD,05:05
6E495,IXC,DEL,05:50
6E495,IXC,BLR,05:50
6E498,JAI,BLR,12:15
6E499,TRZ,BLR,20:10
6E5002,LKO,NAG,07:10
6E5003,IXC,BOM,21:50
6E5003,LKO,HYD,23:30
6E5006,IXC,AMD,00:40
6E5008,IXC,PAT,19:10
6E5011,LKO,IXC,20:10
6E5012,IXC,BOM,07:35
6E5014,IXC,CCU,05:15
6E5019,IXC,PAT,16:00
6E5019,LKO,IXC,17:15
6E502,IXC,PNQ,09:40
6E502,NAG,MAA,11:30
6E5022,IXC,NAG,07:10
6E5027,COK,BOM,22:50
6E5028,LKO,GOI,22:15
6E5032,LKO,DED,16:05
6E5033,LKO,DED,21:25
6E5036,NAG,BOM,18:40
6E5037,IXC,JAI,04:45
6E5040,IXC,MAA,17:30
6E5040,TRZ,DEL,15:55
6E5041,IXC,BOM,14:50
6E5047,LKO,BLR,18:00
6E5048,LKO,MAA,17:45
6E5049,LKO,RPR,23:10
6E505,LKO,CCU,07:40
6E5052,JAI,BOM,06:45
6E5065,COK,BOM,03:15
6E5065,LKO,CCU,06:15
6E5069,NAG,DEL,22:00
6E507,COK,VNS,13:15
6E5070,IXC,JAI,18:05
6E5070,IXC,SXR,18:05
6E5070,IDR,DEL,15:50
6E5070,LKO,DEL,16:55
6E5070,NAG,DEL,16:30
6E5071,IXC,IXR,12:30
6E5073,LKO,BLR,18:45
6E5075,LKO,BLR,09:05
6E5076,LKO,BLR,10:00
6E5077,IXC,CCU,12:20
6E5079,IXC,STV,20:20
6E5091,IXC,BOM,17:00
6E5091,LKO,MAA,19:15
6E5092,LKO,MAA,19:55
6E5094,LKO,BLR,22:35
6E5098,IXC,DEL,10:35
6E5099,IXC,BOM,14:30
6E5101,LKO,GOX,21:55
6E5104,IXC,PAT,08:35
6E5104,NAG,DEL,10:10
6E5105,IXC,GOP,13:40
6E5106,IXC,JAI,14:20
6E5106,IXC,SXR,14:20
6E5106,IDR,DEL,15:20
6E5106,LKO,DEL,15:30
6E5106,LKO,HYD,07:50
6E5106,LKO,AMD,07:50
6E5106,NAG,DEL,15:50
6E5107,LKO,MAA,06:15
6E5108,LKO,GOI,20:20
6E5112,TRZ,BOM,14:15
6E5113,LKO,CCU,08:55
6E5114,LKO,DEL,07:00
6E5115,IXC,BOM,06:30
6E5115,LKO,HYD,08:05
6E5118,IXC,MAA,18:10
6E5119,JAI,BOM,23:50
6E5119,JAI,UDR,19:55
6E512,COK,VTZ,18:15
6E5123,LKO,VNS,07:10
6E5124,LKO,NAG,06:10
6E5124,NAG,BOM,02:45
6E5127,LKO,BBI,23:40
6E5128,COK,BOM,18:30
6E5128,LKO,CCU,21:35
6E5129,IXC,GOX,22:55
6E5129,IXC,DEL,20:25
6E5130,IXC,JDH,10:10
6E5130,JAL,DEL,08:55
6E5133,IXC,SXR,06:40
6E5135,LKO,CCU,09:45
6E5136,IXC,JAI,01:00
6E5138,TRZ,BOM,20:40
6E5138,TRZ,MAA,07:20
6E5138,TRZ,BLR,07:20
6E514,IXC,HYD,15:00
6E514,IXC,JSA,12:50
6E514,JAI,HYD,10:35
6E5140,IXC,BOM,08:30
6E5140,LKO,GAU,05:35
6E5142,LKO,JDH,07:05
6E5143,LKO,PAT,00:05
6E5145,LKO,HBX,09:05
6E5146,BHU,BOM,08:45
6E5146,LKO,BBI,11:15
6E5147,BHU,BOM,08:15
6E5147,LKO,BBI,05:50
6E5148,LKO,UDR,21:30
6E5149,IXC,TRV,20:40
6E5149,LKO,IDR,22:05
6E5149,LKO,IXU,22:05
6E515,LKO,MAA,15:05
6E515,LKO,DED,15:45
6E5151,NAG,BOM,08:10
6E5152,LKO,PAT,00:05
6E5152,NAG,BOM,21:15
6E5153,IXC,GOI,01:25
6E5161,LKO,IDR,06:10
6E5166,LKO,JAI,01:30
6E5167,LKO,MAA,08:15
6E5168,IXC,BOM,05:25
6E5168,LKO,MAA,07:30
6E5169,IXC,DEL,17:00
6E5169,IXC,DIB,10:20
6E5169,IXC,IXS,10:20
6E5170,IXC,IXL,09:10
6E5171,COK,BOM,07:30
6E5174,LKO,NAG,09:50
6E5178,LKO,IXC,15:55
6E518,IXC,LKO,21:15
6E518,LKO,DED,17:55
6E5180,IXC,VTZ,11:25
6E5181,LKO,IDR,11:20
6E5185,LKO,UDR,10:40
6E5189,LKO,RPR,23:10
6E519,IXC,IDR,23:35
6E5193,LKO,BLR,08:50
6E5202,LKO,IXU,05:30
6E5203,IXC,IXS,10:40
6E5207,IXC,HYD,08:20
6E5209,NAG,DEL,23:30
6E5213,IXC,BOM,08:15
6E5213,LKO,HYD,09:50
6E5215,IXC,RPR,00:05
6E5215,IXC,ATQ,00:05
6E5216,LKO,BLR,10:20
6E5217,LKO,BLR,11:15
6E5218,LKO,BLR,16:00
6E522,NAG,IXC,14:55
6E5221,LKO,BLR,16:45
6E5228,LKO,HYD,16:55
6E523,IXC,LKO,09:20
6E5231,LKO,BLR,18:00
6E5234,IXC,IXJ,17:05
6E5238,JAI,BOM,23:10
6E5239,JAL,BOM,14:35
6E5246,LKO,HYD,07:50
6E5248,TRZ,BOM,07:45
6E5249,IXC,GOI,21:00
6E525,IXC,CCU,15:15
6E5251,LKO,AMD,00:20
6E526,IXC,IXZ,04:40
6E5261,IXC,BOM,05:20
6E5262,IXC,DHM,11:55
6E5262,LKO,BOM,11:45
6E5262,LKO,IXC,09:45
6E5268,LKO,AMD,20:55
6E5271,IXC,BOM,09:30
6E5273,IXC,COK,05:00
6E5274,COK,DEL,20:45
6E528,NAG,CCU,18:50
6E5281,JAI,BOM,10:25
6E5281,LKO,JAI,08:40
6E5282,JAI,BOM,07:15
6E5285,LKO,IXZ,07:45
6E5286,LKO,IXZ,15:15
6E5288,LKO,IXB,14:35
6E5291,IXC,BOM,23:50
6E5291,IXC,PNQ,05:55
6E5293,LKO,BLR,14:30
6E5294,LKO,BLR,15:15
6E5295,LKO,BLR,00:05
6E5296,LKO,BLR,07:30
6E5297,IXC,BOM,06:00
6E5297,LKO,GOI,07:25
6E5298,LKO,BHO,12:55
6E530,BHU,BLR,23:35
6E531,IXC,HYD,06:40
6E531,IXC,MAA,05:25
6E5312,COK,HGI,17:25
6E5315,IXC,GOP,18:10
6E5316,LKO,AGR,12:00
6E5316,LKO,BEK,12:00
6E5318,IXC,BOM,12:05
6E5318,LKO,HYD,10:35
6E5324,LKO,JAI,20:40
6E5327,LKO,AMD,11:40
6E5329,COK,VNS,10:00
6E5338,LKO,BEK,17:15
6E5343,IXC,PNQ,02:10
6E5346,LKO,AMD,21:45
6E5347,IXC,GOP,10:15
6E5349,IXC,RPR,19:55
6E5349,NAG,DEL,17:55
6E535,IXC,CCU,23:45
6E535,IXC,DEL,23:45
6E5352,LKO,BLR,06:00
6E536,IXC,BOM,13:35
6E5367,LKO,MAA,20:50
6E537,IXC,TIR,11:25
6E5371,IXC,BOM,14:45
6E5376,LKO,BLR,21:20
6E5385,LKO,GWL,11:40
6E5387,IXC,BOM,18:15
6E5387,LKO,GOI,17:05
6E539,NAG,MAA,13:10
6E5393,IXC,BOM,01:45
6E5394,IXC,COK,07:00
6E542,IXC,GOX,09:15
6E542,IXC,DEL,06:50
6E544,IXC,DEL,13:20
6E544,LKO,GOP,12:50
6E545,LKO,GOP,18:50
6E546,JAI,BOM,00:05
6E547,NAG,AMD,22:45
6E549,COK,BOM,07:00
6E551,IDR,DEL,19:35
6E552,IDR,BOM,19:55
6E553,IXC,COK,08:45
6E556,JAI,BLR,17:45
6E557,IXC,VTZ,06:20
6E557,TRZ,MAA,07:35
6E559,JAL,BOM,16:00
6E559,JAL,SXR,16:40
6E559,NAG,IXJ,17:15
6E559,NAG,BOM,17:15
6E563,IXC,CCU,11:30
6E563,COK,VNS,08:50
6E564,LKO,HYD,02:45
6E571,IXC,COK,16:05
6E571,COK,MAA,14:50
6E572,IXC,CCU,14:20
6E575,IXC,BLR,06:30
6E581,IXC,IXZ,09:40
6E581,IXC,VTZ,10:20
6E581,NAG,MAA,07:25
6E582,LKO,RJA,16:15
6E583,LKO,RJA,20:15
6E585,LKO,GOX,09:25
6E588,IXC,GOI,16:55
6E589,IXC,MAA,19:25
6E592,LKO,TRZ,13:25
6E5927,IXC,HGI,10:50
6E5928,IXC,HGI,17:05
6E5928,IXC,DEL,14:00
6E5931,JAL,BOM,16:20
6E597,NAG,MAA,17:45
6E6003,IXC,IXL,14:50
6E6003,COK,DEL,13:30
6E6003,COK,MAA,00:30
6E6005,IXC,IXC,11:00
6E6007,IXC,MAA,23:05
6E6009,NAG,BLR,08:20
6E6010,IXC,HYD,07:00
6E6010,IXC,DEL,04:45
6E6011,IXC,CJB,15:10
6E6012,IXC,BLR,17:55
6E6013,BHU,AMD,22:35
6E6014,IXC,BOM,11:10
6E6015,IXC,IXC,13:10
6E6017,IXC,BLR,19:40
6E6018,LKO,DEL,20:20
6E6019,IXC,DEL,13:00
6E6021,IXC,BLR,08:35
6E6022,IXC,BOM,15:00
6E6022,LKO,DEL,17:20
6E6026,LKO,PNQ,15:55
6E6036,NAG,BLR,12:55
6E6039,IXC,BLR,17:10
6E604,IXC,HYD,14:55
6E6041,IXC,CCU,17:20
6E6041,COK,IXC,19:35
6E6041,NAG,IXC,18:55
6E6042,IXC,PAT,13:05
6E6042,NAG,DEL,11:15
6E6044,IXC,VNS,23:45
6E6045,LKO,DEL,02:45
6E6047,IXC,BOM,11:30
6E6047,LKO,AIP,13:50
6E6048,IXC,NAG,09:00
6E605,IXC,BLR,13:15
6E6051,IXC,BOM,12:45
6E6051,LKO,DEL,15:05
6E6054,IXC,BLR,15:30
6E6056,IXC,GOX,05:30
6E6056,IXC,IXC,12:40
6E6058,LKO,MAA,15:10
6E606,COK,MAA,20:40
6E6061,LKO,BBI,18:45
6E6063,IXC,SAG,17:45
6E6063,IXC,PAT,15:35
6E6063,IXC,BBI,15:35
6E6067,IXC,BLR,17:25
6E6069,NAG,JAI,11:40
6E607,IXC,AMD,12:30
6E6072,COK,AMD,12:10
6E6072,NAG,DEL,14:10
6E6074,NAG,BLR,13:55
6E6077,JAL,BOM,15:15
6E6077,LKO,KNU,17:35
6E608,IXC,LKO,05:55
6E608,LKO,GAU,07:55
6E6082,IXC,BOM,20:15
6E6087,LKO,BDQ,09:05
6E6087,TRZ,BOM,07:50
6E6088,LKO,MAA,14:15
6E6089,TRZ,MAA,17:55
6E6092,IXC,DEL,10:30
6E6092,LKO,PNQ,09:05
6E6093,NAG,PNQ,10:25
6E6093,NAG,NAG,14:40
6E6096,IXC,BOM,18:05
6E6098,NAG,JAI,12:10
6E6101,COK,BBI,14:25
6E6102,IXC,CCU,16:15
6E6103,COK,DIB,14:05
6E6104,NAG,STV,13:55
6E6105,IXC,NAG,17:05
6E6105,NAG,PNQ,16:00
6E6107,JAI,VNS,13:05
6E6108,LKO,TRV,12:35
6E611,BHU,BLR,22:00
6E6110,JAI,VNS,16:50
6E6112,LKO,BLR,12:45
6E6116,NAG,JAI,23:25
6E6117,JAI,PNQ,01:50
6E6119,LKO,BLR,22:15
6E6121,NAG,MAA,09:50
6E6122,IXC,IXZ,07:05
6E6122,NAG,MAA,09:15
6E6124,IXC,HYD,09:05
6E6124,IXC,GOX,10:25
6E6127,NAG,HYD,18:35
6E613,IXC,DEL,18:10
6E613,IXC,MAA,20:55
6E6131,IXC,BLR,23:00
6E6133,LKO,HSR,07:20
6E6135,COK,IXB,20:55
6E6137,IXC,RPR,13:30
6E6139,COK,LKO,05:10
6E614,IXC,GOI,14:30
6E6141,IXC,NAG,20:20
6E6143,LKO,JSA,12:55
6E6145,IXC,IXR,21:35
6E6146,IXC,BLR,23:35
6E6148,IXC,NAG,20:55
6E6149,IXC,CNN,17:40
6E6150,LKO,BOM,00:35
6E6151,IXC,HYD,11:25
6E6151,IXC,MAA,10:00
6E6154,IXC,CCU,23:05
6E6155,COK,DMU,13:35
6E6156,IXC,BLR,11:25
6E6157,IXC,HYD,14:40
6E6157,IXC,DEL,16:15
6E6157,IXC,BBI,17:30
6E6157,COK,GAY,18:00
6E6158,IXC,MAA,17:45
6E6159,COK,GAU,20:35
6E6163,IXC,BLR,23:30
6E6166,IXC,LKO,00:05
6E6169,IXC,TRV,12:05
6E617,COK,VTZ,22:00
6E6171,COK,IXA,19:05
6E6172,COK,IXA,21:35
6E6173,COK,DEL,12:40
6E6174,IXC,HYD,20:45
6E6174,IXC,MAA,19:25
6E6175,IXC,IXR,14:45
6E6176,IXC,BLR,08:25
6E6177,IXC,BLR,22:30
6E6178,IXC,BLR,00:30
6E6179,COK,IXS,07:55
6E618,IXC,VTZ,05:40
6E618,TRZ,BLR,07:10
6E6181,NAG,CCU,09:35
6E6185,IXC,NAG,07:20
6E6187,IXC,BBI,20:25
6E6189,IXC,SAG,11:40
6E6191,IDR,PNQ,15:10
6E6191,NAG,IDR,13:55
6E6191,NAG,PNQ,14:55
6E6191,NAG,GOI,15:20
6E6192,IDR,PNQ,11:45
6E6192,NAG,IDR,12:55
6E6192,NAG,PNQ,12:00
6E6193,IXC,GOI,16:45
6E6194,IXC,HYD,06:40
6E6194,IXC,MAA,07:35
6E6198,NAG,GOX,11:40
6E6198,NAG,HYD,08:55
6E6198,NAG,BOM,08:55
6E6199,LKO,BBI,18:15
6E6201,LKO,AMD,14:30
6E6202,IXC,AMD,17:10
6E6204,IXC,BOM,22:25
6E6206,JAI,PAT,09:15
6E6206,JAI,GOI,00:25
6E6206,NAG,BOM,11:05
6E6206,NAG,JAI,11:00
6E6208,IXC,AMD,17:35
6E621,IXC,IDR,18:30
6E6210,JAI,IXR,20:20
6E6210,JAI,PAT,20:20
6E6212,IXC,IDR,05:35
6E6213,JAI,MAA,09:25
6E6214,COK,BBI,11:25
6E6215,IXC,HYD,19:15
6E6215,IXC,MAA,20:30
6E6216,IXC,TRV,08:55
6E6218,IXC,BOM,06:00
6E6219,IXC,IDR,13:55
6E6219,NAG,IDR,10:25
6E6222,LKO,LKO,18:05
6E6223,NAG,DEL,18:15
6E6225,IXC,BOM,22:50
6E6225,LKO,AMD,02:40
6E6228,IXC,BOM,15:25
6E6228,LKO,GOI,14:15
6E6231,IXC,CJB,01:00
6E6232,IXC,HYD,23:05
6E6232,IXC,CJB,21:35
6E6234,IXC,BLR,22:15
6E6235,LKO,NAG,16:35
6E6235,NAG,BOM,18:10
6E6239,IXC,DEL,13:45
6E624,COK,IXC,20:25
6E6241,NAG,HSR,07:20
6E6241,NAG,PNQ,08:35
6E6241,TRZ,PNQ,08:30
6E6242,IXC,BBI,07:00
6E6244,LKO,AMD,09:25
6E6245,NAG,BDQ,11:40
6E6245,NAG,PNQ,10:25
6E6247,COK,JAI,11:15
6E6248,IXC,SAG,14:15
6E6248,NAG,HYD,16:30
6E625,IXC,PNQ,11:50
6E625,NAG,MAA,15:45
6E6252,IXC,HYD,23:40
6E6252,IXC,DEL,16:40
6E6253,IXC,SXR,13:10
6E6253,IXC,LKO,13:25
6E6253,LKO,HYD,15:20
6E6253,NAG,HYD,16:15
6E6254,IXC,IXC,18:50
6E6255,IXC,SXR,20:05
6E6255,IXC,LKO,20:05
6E6255,LKO,HYD,18:05
6E6255,NAG,HYD,16:55
6E6257,NAG,BLR,23:25
6E6258,IXC,UDR,20:55
6E626,TRZ,HYD,12:05
6E6263,LKO,HYD,11:35
6E6265,NAG,AMD,10:05
6E6266,NAG,IXC,10:45
6E6268,IXC,JLR,15:25
6E6269,IXC,BLR,07:50
6E627,COK,ATQ,09:25
6E6271,IXC,CCU,19:00
6E6271,COK,HYD,21:05
6E6272,NAG,PNQ,21:10
6E6272,NAG,MAA,12:55
6E6272,NAG,PAT,12:55
6E6274,BHU,BOM,15:45
6E6277,NAG,BLR,17:20
6E628,LKO,DBR,10:30
6E6280,IXC,BLR,18:10
6E6283,LKO,BLR,01:30
6E6284,LKO,BLR,04:40
6E6286,IXC,VTZ,00:10
6E6286,TRZ,HYD,18:40
6E6286,TRZ,DEL,19:20
6E6287,NAG,DEL,08:35
6E6288,NAG,ATQ,14:00
6E6289,IXC,GAU,19:50
6E6291,IXC,IXD,10:45
6E6292,IXC,IXD,15:15
6E6292,IXC,RJA,14:20
6E6292,IXC,IXU,14:20
6E6292,IXC,SXV,14:20
6E6293,LKO,CNN,08:45
6E6294,LKO,CNN,13:25
6E6295,LKO,CCU,13:15
6E6297,LKO,CCU,12:25
6E6302,IXC,GOX,10:35
6E6302,IXC,DEL,08:15
6E6305,IXC,IXZ,06:35
6E6306,IXC,IXZ,12:20
6E631,IXC,BBI,23:55
6E6311,IXC,GAU,21:30
6E6311,IXC,MAA,18:10
6E6312,IXC,GAU,05:30
6E6315,IXC,CJB,23:05
6E6315,IXC,MAA,22:00
6E6318,IXC,BOM,16:00
6E6319,IXC,BOM,15:15
6E6320,IXC,GOX,08:10
6E6322,BHU,DED,10:55
6E6324,COK,MAA,01:25
6E6325,IXC,CCU,01:40
6E6325,COK,HYD,21:10
6E6325,COK,AMD,21:10
6E6328,LKO,DEL,12:15
6E633,IXC,BLR,15:10
6E6331,BHU,IDR,06:20
6E6331,IDR,IXJ,09:00
6E6334,IXC,PAT,21:20
6E6334,NAG,HYD,23:05
6E6336,TRZ,BLR,11:30
6E6338,IXC,JAI,10:40
6E6339,COK,DMU,13:45
6E634,IXC,CCU,14:45
6E634,COK,GOI,12:05
6E6341,IXC,DEL,00:35
6E6342,IXC,BOM,09:00
6E6342,LKO,GAU,12:40
6E6344,IXC,CCU,12:50
6E6344,COK,ATQ,15:25
6E6344,COK,GAU,15:55
6E6345,IXC,AMD,12:45
6E6348,COK,PAT,10:10
6E6348,NAG,CCU,11:20
6E6349,NAG,CCU,12:00
6E6350,IXC,LKO,05:30
6E6352,IXC,HYD,14:25
6E6354,LKO,BLR,20:45
6E6359,COK,PNQ,07:55
6E6359,NAG,CCU,05:30
6E6362,IXC,ISK,06:25
6E6364,IXC,BHO,11:50
6E6365,IXC,BHO,15:10
6E6366,IXC,STV,15:55
6E6367,IXC,GAU,23:15
6E6367,IXC,CCU,20:45
6E6369,IXC,AMD,08:25
6E6371,IXC,HSR,17:35
6E6372,NAG,HYD,11:20
6E6373,LKO,RPR,10:45
6E6374,IXC,AMD,11:40
6E6375,IXC,AMD,09:30
6E6375,IXC,DEL,05:40
6E6375,IXC,BOM,06:50
6E6376,COK,VNS,05:35
6E6378,IXC,DMU,16:05
6E638,IXC,BLR,20:20
6E6382,IXC,PAT,08:30
6E6383,IXC,IMF,15:15
6E6383,IXC,DEL,12:10
6E6384,IXC,BOM,12:45
6E6385,IXC,BLR,23:20
6E6386,LKO,HYD,15:05
6E6387,IXC,PAT,06:15
6E6387,IXC,UDR,06:15
6E6387,NAG,DEL,07:55
6E6387,TRZ,JAI,07:55
6E6390,IXC,DGH,15:25
6E6391,COK,AMD,16:05
6E6394,BHU,PAT,11:00
6E6394,IXC,PAT,07:30
6E6394,NAG,IXC,09:10
6E6394,NAG,BBI,09:45
6E6395,IXC,AMD,19:00
6E6396,COK,JAI,14:15
6E6396,NAG,CCU,12:00
6E6397,LKO,HYD,12:20
6E6398,IXC,HBX,16:45
6E6399,IXC,PNQ,19:55
6E6406,LKO,CCU,12:25
6E6409,IXC,PNQ,04:45
6E6409,NAG,DEL,02:35
6E6410,IXC,HYD,23:50
6E6410,NAG,DEL,02:00
6E6411,IXC,RPR,06:55
6E6413,IXC,IXS,16:25
6E6414,TRZ,AMD,17:10
6E6416,IXC,DEL,06:30
6E6420,IXC,GOX,13:35
6E6420,IXC,IXB,12:10
6E6420,IXC,MAA,12:10
6E6420,IXC,NAG,11:05
6E6421,IXC,BDQ,05:35
6E6426,JAI,CCU,19:05
6E6427,JAI,CCU,22:10
6E6429,IXC,JAI,22:00
6E6429,JAI,GOI,19:40
6E6431,LKO,JLR,08:05
6E6432,IXC,BDQ,09:30
6E6432,TRZ,HYD,09:10
6E6433,IXC,BLR,09:55
6E6438,COK,BLR,04:55
6E6439,COK,BLR,08:55
6E6441,IXC,HYD,12:35
6E6441,IXC,BLR,10:20
6E6442,IXC,BLR,17:40
6E6447,LKO,VNS,17:40
6E6448,IXC,PAT,20:05
6E6449,IXC,GOI,17:40
6E645,NAG,AMD,18:00
6E6452,NAG,BLR,20:45
6E6455,IXC,GOI,10:05
6E6457,IXC,AMD,09:00
6E6457,IXC,DIB,10:20
6E6457,IXC,BLR,06:00
6E6458,IXC,GAU,15:45
6E6458,IXC,DIB,16:50
6E6458,IXC,AMD,17:50
6E646,LKO,PNQ,09:05
6E6461,IXC,HYD,13:05
6E6461,IXC,BLR,15:35
6E6461,IXC,GAU,16:05
6E6462,IXC,RPR,11:55
6E6462,NAG,DEL,13:45
6E6467,LKO,HYD,08:20
6E6468,IXC,IXC,16:50
6E6469,COK,LKO,23:35
6E6469,LKO,CCU,21:50
6E647,LKO,PNQ,09:40
6E6470,IXC,SXR,20:10
6E6471,IXC,JDH,05:45
6E6472,COK,PNQ,00:55
6E6472,NAG,CJB,04:15
6E6473,JAL,BOM,08:40
6E6474,IXC,SXR,17:00
6E6476,NAG,BLR,09:30
6E6477,LKO,AMD,02:00
6E6478,TRZ,HYD,14:45
6E6479,IXC,UDR,16:55
6E6479,TRZ,HYD,15:15
6E6480,IXC,JAI,17:50
6E6481,IXC,JAI,22:25
6E6482,COK,BLR,09:15
6E6484,NAG,IXR,06:20
6E6485,BHU,PAT,12:00
6E6485,IXC,PAT,16:00
6E6485,NAG,BBI,13:35
6E6485,NAG,IXC,14:15
6E6489,LKO,MAA,23:50
6E649,LKO,RPR,15:15
6E649,NAG,BOM,17:00
6E6490,TIR,DEL,09:00
6E6491,IXC,BLR,14:00
6E6495,JAL,BLR,12:50
6E6497,NAG,BLR,10:50
6E6498,NAG,BLR,15:55
6E6501,COK,VNS,15:20
6E6502,TRZ,CCU,17:20
6E6504,IXC,JSA,12:35
6E6505,IXC,MAA,22:10
6E6506,IXC,AMD,23:00
6E6507,NAG,BLR,15:45
6E6508,NAG,BLR,16:15
6E651,IXC,BOM,00:30
6E6511,NAG,BLR,12:20
6E6512,JAL,BLR,13:55
6E6513,IXC,CCU,10:45
6E6514,COK,IMF,07:25
6E6515,IXC,BLR,21:15
6E6517,IXC,BLR,21:45
6E6518,IXC,IXB,09:55
6E652,IXC,SAG,17:20
6E6520,IXC,BBI,12:20
6E6521,BHU,RPR,12:10
6E6521,NAG,HYD,11:00
6E6521,NAG,BBI,11:10
6E6522,NAG,LKO,14:25
6E6528,IXC,CCU,19:20
6E6529,IXC,NAG,18:45
6E653,NAG,PAT,16:40
6E6531,NAG,MAA,14:35
6E6532,IXC,HYD,00:50
6E6536,BHU,BLR,14:40
6E6537,NAG,BLR,15:05
6E6539,IXC,BDQ,17:10
6E654,IXC,SAG,20:20
6E6544,LKO,VNS,12:10
6E6544,TRZ,BBI,10:35
6E6549,NAG,DEL,22:35
6E6551,LKO,IDR,09:35
6E6552,IXC,LKO,21:50
6E6552,IXC,AJL,16:45
6E6552,LKO,GAU,19:25
6E6553,IXC,AMD,16:00
6E6553,NAG,AMD,15:55
6E6554,COK,BOM,17:40
6E6554,LKO,CCU,15:00
6E6557,IXC,HSR,05:40
6E6558,IXC,HSR,09:50
6E656,LKO,DEL,05:00
6E6561,COK,PNQ,21:20
6E6561,NAG,CCU,18:50
6E6562,LKO,AYJ,10:25
6E6563,NAG,BLR,02:20
6E6566,IDR,CCU,21:45
6E6566,COK,IDR,23:55
6E6568,COK,JAI,12:55
6E6568,COK,DEL,09:55
6E6568,COK,BOM,09:55
6E6568,COK,GAU,10:30
6E6568,COK,HYD,10:30
6E657,LKO,TIR,14:55
6E6570,LKO,VNS,22:45
6E6576,IDR,DEL,21:30
6E6579,IXC,GOI,11:05
6E658,LKO,TIR,15:35
6E6582,IXC,JAI,19:15
6E6583,IXC,BLR,10:55
6E6585,TRZ,BOM,08:20
6E6586,LKO,RPR,18:30
6E6592,LKO,JAI,09:35
6E6593,IXC,RDP,12:40
6E6593,IXC,AMD,13:20
6E6594,IXC,HYD,20:00
6E6594,IXC,CJB,18:30
6E6596,LKO,BLR,10:20
6E6605,IDR,DEL,12:00
6E6606,IXC,TIR,19:00
6E661,TRZ,BLR,11:55
6E6610,IXC,DED,14:30
6E6611,IXC,LKO,16:55
6E6611,IXC,BLR,16:45
6E6613,IXC,BOM,21:10
6E6613,LKO,DEL,19:00
6E6614,IXC,LKO,17:30
6E6614,LKO,DEL,18:40
6E6615,LKO,DEL,19:20
6E6616,COK,IXA,14:20
6E6617,IXC,HYD,22:45
6E6617,IXC,IXA,20:10
6E6617,JAL,SXR,18:40
6E6620,IXC,NAG,17:45
6E6621,IXC,DEL,07:45
6E6623,COK,HYD,05:05
6E6624,NAG,DEL,14:25
6E6627,TRZ,MAA,23:20
6E6629,TRZ,BLR,07:25
6E663,COK,IXA,11:05
6E663,COK,PAT,11:05
6E663,NAG,CCU,09:55
6E6633,IXC,PAT,07:30
6E6634,IXC,BLR,08:00
6E6635,IXC,ISK,18:25
6E6636,IXC,ISK,22:35
6E6636,IXC,BLR,10:35
6E6637,COK,BOM,18:25
6E6638,IXC,JAI,21:00
6E664,IXC,CCU,08:15
6E664,COK,HYD,10:25
6E6643,IXC,PAT,18:05
6E6643,NAG,DEL,19:35
6E6647,NAG,TRV,23:10
6E6647,TRZ,PNQ,02:40
6E6648,NAG,TRV,04:35
6E6650,IXC,IXB,07:30
6E6654,BHU,AMD,17:10
6E6664,COK,GAU,22:45
6E6669,IXC,JDH,10:30
6E6669,JAL,DEL,12:00
6E6672,IXC,CJB,00:10
6E6673,IXC,IXR,18:45
6E6673,NAG,DEL,16:45
6E6675,IXC,PNQ,09:50
6E6676,LKO,DEL,16:10
6E6679,TRZ,HYD,20:35
6E668,IXC,HYD,18:35
6E6680,IXC,VTZ,23:35
6E6680,TRZ,DEL,21:15
6E6681,IXC,COK,18:00
6E6682,IXC,COK,14:15
6E6683,IXC,PAT,23:15
6E6686,TRZ,MAA,08:10
6E6687,JAL,AMD,11:25
6E6688,BHU,HYD,18:30
6E6688,IXC,BBI,16:25
6E6690,IXC,RPR,19:30
6E6691,NAG,BOM,17:35
6E6692,IXC,PNQ,05:50
6E6694,IXC,BDQ,11:35
6E6694,TRZ,DEL,13:25
6E6695,IXC,AMD,15:40
6E6695,TRZ,DEL,13:55
6E6696,IXC,NAG,16:05
6E6701,LKO,COK,08:10
6E6707,IXC,COK,09:40
6E6708,COK,HYD,23:55
6E6709,COK,LKO,23:35
6E671,NAG,CJB,22:20
6E6710,COK,DEL,12:00
6E6711,COK,DEL,17:10
6E6714,NAG,MAA,05:45
6E6715,LKO,BHO,19:05
6E6716,COK,IMF,13:25
6E6717,BHU,CCU,19:55
6E6718,IXC,DEL,09:50
6E6719,IXC,VNS,16:45
6E6720,IXC,DEL,07:55
6E6722,IXC,CCU,21:25
6E6722,COK,DEL,23:40
6E6724,IXC,DEL,17:25
6E6725,IXC,BLR,19:45
6E6726,IXC,DEL,09:35
6E6726,IXC,DED,10:25
6E6727,IXC,AMD,18:40
6E6728,IXC,AMD,23:00
6E673,LKO,PAT,18:10
6E673,NAG,BOM,20:35
6E6731,IXC,AMD,13:25
6E6731,IXC,RDP,14:20
6E6732,IXC,RDP,19:00
6E6732,IXC,AMD,19:55
6E6733,IXC,VGA,11:55
6E6735,IXC,UDR,17:55
6E6735,TRZ,DEL,19:15
6E6736,TRZ,DEL,19:45
6E6738,IXC,IDR,11:05
6E6738,IDR,IXC,12:50
6E6739,IDR,BLR,17:30
6E674,IXC,BOM,01:45
6E674,JAL,BOM,15:30
6E674,LKO,JDH,17:30
6E674,LKO,UDR,17:30
6E674,TRZ,BOM,16:05
6E6740,IXC,PNQ,10:05
6E6740,NAG,JDH,12:15
6E6741,IXC,VNS,04:45
6E6741,TRZ,DEL,06:05
6E6742,IXC,VNS,08:15
6E6742,TRZ,DEL,06:40
6E6743,IDR,BLR,18:05
6E6745,NAG,MAA,01:15
6E6746,IXC,BOM,07:15
6E6747,IXC,HYD,12:15
6E6747,LKO,MAA,10:05
6E6748,IXC,IMF,09:10
6E6748,IXC,DEL,11:35
6E6749,IXC,CCU,13:30
6E675,LKO,DEL,10:10
6E6751,LKO,IXC,15:15
6E6755,IXC,BLR,16:50
6E6757,JAL,SXR,12:00
6E6757,NAG,IXJ,12:35
6E6757,NAG,DEL,13:15
6E6758,IXC,BDQ,15:40
6E6759,IXC,DGH,17:40
6E6759,IXC,DEL,13:05
6E6761,IXC,BHO,19:05
6E6761,IXC,SXR,19:05
6E6761,NAG,DEL,17:35
6E6762,IXC,DEL,12:55
6E6762,IXC,SXR,13:40
6E6762,IXC,IXC,12:00
6E6762,IXC,IXJ,12:00
6E6762,JAL,DEL,13:25
6E6762,JAL,SXR,14:05
6E6762,NAG,IXJ,14:45
6E6762,NAG,IXC,14:45
6E6762,NAG,DEL,15:25
6E6763,IXC,PNQ,07:15
6E6766,TRZ,DEL,09:50
6E6767,IXC,GOI,18:10
6E6768,IXC,GOI,23:45
6E6768,IXC,DEL,21:00
6E6772,IXC,BOM,19:15
6E6773,IXC,BOM,20:00
6E6776,IXC,HYD,15:30
6E6776,IXC,DEL,17:50
6E6778,IXC,COK,18:25
6E6778,COK,DEL,21:40
6E678,IXC,PAT,20:20
6E678,NAG,MAA,22:45
6E6780,IXC,IXJ,14:50
6E6782,IXC,IXM,16:35
6E6785,COK,IXB,07:35
6E6786,COK,IXB,10:30
6E6787,LKO,DEL,04:20
6E6788,IXC,BLR,01:00
6E6789,IXC,RPR,15:40
6E679,IXC,PAT,01:50
6E679,NAG,MAA,23:20
6E6790,IXC,AMD,19:20
6E6791,IXC,TRV,21:25
6E6791,IXC,DEL,18:35
6E6792,IXC,AMD,22:10
6E6793,BHU,CCU,06:10
6E6793,COK,DIB,07:15
6E6797,IXC,MAA,11:45
6E6797,NAG,MAA,15:20
6E6798,NAG,NAG,00:15
6E6803,NAG,CCU,22:50
6E6805,TRZ,AMD,16:30
6E681,IXC,PNQ,21:10
6E681,COK,PNQ,05:20
6E681,NAG,COK,00:25
6E681,NAG,IXC,23:35
6E6811,IXC,IXU,18:35
6E6813,IXC,BLR,01:55
6E6813,IXC,CCU,02:30
6E6814,IXC,BOM,07:00
6E6814,LKO,DEL,09:10
6E6815,IXC,BLR,08:30
6E6816,IXC,UDR,19:25
6E6816,IXC,TIR,18:15
6E6816,IXC,VGA,18:15
6E6816,IXC,GOX,18:15
6E6816,IXC,DEL,18:15
6E6816,IXC,JDH,19:25
6E6816,JAL,HYD,17:30
6E6816,TRZ,HYD,17:45
6E6817,LKO,DEL,09:30
6E6818,IXC,DEL,23:15
6E682,LKO,AMD,17:45
6E6820,IXC,NAG,04:40
6E6823,IXC,DEL,19:55
6E6825,BHU,DEL,09:15
6E6827,LKO,MAA,11:10
6E6828,IXC,MAA,02:30
6E6831,IXC,MAA,17:20
6E6832,IXC,BLR,19:00
6E6834,IXC,MAA,23:55
6E6835,LKO,ATQ,01:05
6E6839,LKO,DEL,20:25
6E684,IXC,BLR,23:20
6E6840,LKO,MAA,21:10
6E6842,IXC,UDR,14:25
6E6843,IXC,UDR,15:10
6E6844,IXC,UDR,18:20
6E6845,IXC,DEL,12:30
6E6845,NAG,DIU,07:50
6E6846,IXC,DEL,13:05
6E6846,IXC,STV,23:20
6E6847,IXC,IDR,09:05
6E6847,NAG,DEL,16:20
6E6848,NAG,DEL,16:50
6E685,LKO,JLR,19:20
6E6853,IXC,STV,06:05
6E6855,IXC,UDR,11:10
6E6857,IXC,PNQ,13:30
6E6857,IXC,PAT,13:35
6E6860,IXC,ATQ,21:00
6E6861,NAG,DEL,16:25
6E6861,NAG,BOM,16:25
6E6863,NAG,BLR,12:20
6E6864,NAG,BLR,12:50
6E6866,IDR,BLR,20:55
6E687,TRZ,BLR,11:00
6E6877,NAG,BLR,02:25
6E6882,IXC,HYD,18:50
6E6882,IXC,GAU,16:20
6E6884,TRZ,PNQ,03:30
6E6894,COK,SHL,13:40
6E6895,NAG,VTZ,16:15
6E6897,IXC,HYD,06:15
6E6897,IXC,MAA,07:30
6E6902,LKO,PAT,10:30
6E6902,NAG,GOX,11:40
6E6902,NAG,LKO,14:25
6E6903,IXC,COK,18:20
6E6904,COK,MAA,20:05
6E6905,NAG,RPR,18:15
6E6907,IXC,CCU,14:15
6E6907,COK,HYD,16:25
6E6908,IXC,CCU,17:20
6E6911,IXC,BBI,12:35
6E6912,IXC,GOX,15:40
6E6913,BHU,GAU,07:30
6E6913,IXC,BBI,09:10
6E6913,IXC,DMU,10:30
6E6914,IXC,DMU,16:35
6E6914,IXC,BBI,17:55
6E6915,IXC,IDR,14:35
6E6916,IXC,IDR,21:55
6E6916,IDR,HYD,20:30
6E6917,NAG,CCU,15:20
6E6918,IXC,CJB,11:15
6E6918,IXC,MAA,10:10
6E692,IXC,CJB,21:40
6E6923,IXC,BLR,06:20
6E6925,IXC,HYD,12:15
6E6926,IXC,PNQ,02:10
6E6927,IXC,AMD,05:40
6E6937,LKO,IXD,10:50
6E6937,NAG,HYD,13:15
6E6938,LKO,IXD,15:55
6E6938,NAG,BOM,13:30
6E6938,NAG,BBI,11:35
6E694,IXC,JAI,20:00
6E6941,COK,AJL,19:50
6E6943,NAG,NAG,00:15
6E6944,NAG,GOX,05:20
6E695,COK,BOM,16:30
6E695,LKO,CCU,19:30
6E6959,IXC,TRV,20:40
6E696,COK,BOM,22:50
6E696,LKO,CCU,20:15
6E6961,COK,ATQ,15:05
6E6961,COK,SXR,15:05
6E6961,NAG,CCU,18:00
6E6962,COK,ATQ,21:45
6E6962,COK,SXR,21:45
6E6962,NAG,CCU,18:45
6E6966,COK,GAU,12:30
6E6968,LKO,AMD,18:30
6E6973,IXC,GOX,11:55
6E6977,JAI,GOX,05:45
6E699,NAG,LKO,04:05
6E6992,IXC,BLR,14:10
6E7002,IXC,CCJ,09:25
6E7005,COK,TRV,10:00
6E7005,COK,AGX,10:05
6E7005,COK,COK,09:00
6E7006,COK,AGX,13:25
6E7006,COK,CCJ,13:40
6E7008,COK,BOM,08:30
6E702,BHU,BLR,09:35
6E7027,JAI,LKO,21:10
6E7027,LKO,DEL,19:40
6E7028,IXC,TRZ,13:25
6E703,BHU,BLR,10:10
6E703,IXC,BLR,14:40
6E703,COK,BLR,14:15
6E7031,JAI,AMD,13:25
6E7035,BHU,VNS,08:55
6E7035,TRZ,BBI,10:35
6E7036,BHU,VNS,13:15
6E7036,TRZ,BBI,10:55
6E7037,IDR,NAG,17:10
6E7037,NAG,IDR,18:20
6E7038,IXC,VTZ,20:35
6E7039,IXC,SAG,23:40
6E7041,JAI,UDR,09:45
6E705,IXC,COK,12:25
6E7051,IXC,TRZ,20:50
6E7051,TRZ,MAA,10:15
6E7052,IXC,TRZ,23:25
6E7052,TRZ,MAA,22:15
6E7057,IXC,IXU,10:55
6E7063,TRZ,TIR,14:45
6E7064,TIR,VTZ,12:10
6E7068,NAG,HBX,18:05
6E7071,TRZ,BLR,12:00
6E7072,TRZ,BLR,12:20
6E7074,JAL,AMD,08:50
6E7075,JAL,DEL,12:00
6E7084,IXC,VGA,05:40
6E7084,TRZ,HYD,07:20
6E7087,JAL,DEL,16:00
6E7087,COK,JRG,18:00
6E7088,COK,JRG,21:15
6E7089,COK,JRG,07:05
6E7091,IXC,CCJ,05:50
6E7097,IXC,HYD,15:50
6E7097,IXC,CDP,17:05
6E7098,IXC,MAA,13:00
6E7103,LKO,HYD,21:25
6E7104,IXC,JGB,14:05
6E7108,NAG,BLR,08:40
6E7109,IDR,ISK,16:15
6E7109,IDR,JAI,16:35
6E7109,JAI,IDR,18:00
6E7112,NAG,BLR,12:40
6E7114,JAI,AMD,08:00
6E7117,COK,BBI,23:10
6E7118,IXC,RJA,06:45
6E7121,IXC,BHO,10:50
6E7122,IXC,BHO,19:05
6E7126,IXC,MYQ,11:10
6E7129,TRZ,VTZ,09:55
6E7129,TRZ,VGA,08:55
6E713,COK,PAT,07:55
6E713,NAG,CCU,09:20
6E7133,TRZ,HYD,16:25
6E7135,IXC,IXM,13:15
6E7136,IXC,COK,15:15
6E7137,NAG,HYD,12:40
6E7139,IXC,VGA,19:45
6E714,TRZ,BLR,19:40
6E7141,IXC,MYQ,15:05
6E7144,IXC,RJA,11:20
6E7144,IXC,PNY,11:50
6E7145,JAI,AMD,12:10
6E7146,IXC,PNY,19:25
6E7146,NAG,DEL,20:25
6E7146,NAG,HYD,20:25
6E7148,IDR,JAI,22:20
6E7148,JAI,AMD,21:00
6E715,COK,JAI,11:20
6E7151,IXC,TRZ,20:50
6E7154,IDR,JAI,13:10
6E7154,IDR,ISK,13:30
6E7154,JAI,IDR,11:45
6E7154,NAG,IDR,14:40
6E7157,IXC,PGH,14:15
6E7158,IXC,MYQ,14:40
6E7162,IXC,BLR,19:55
6E7163,LKO,BLR,13:10
6E7164,IXC,AGR,09:50
6E7167,IXC,IXM,08:15
6E7167,LKO,HYD,09:40
6E7168,IDR,AMD,22:05
6E7174,IXC,CCU,15:30
6E7174,IXC,DEL,12:10
6E7174,IXC,HYD,12:10
6E7176,TRZ,KJB,12:55
6E7177,TRZ,KJB,13:25
6E7178,IXC,CNN,22:55
6E7181,LKO,MAA,19:35
6E7182,IXC,IXM,21:25
6E7182,LKO,MAA,19:55
6E7183,IXC,IXM,06:10
6E7188,TRZ,BOM,00:50
6E7193,IXC,TCR,06:10
6E7196,IXC,BOM,08:15
6E7196,IXC,CJB,08:15
6E7199,IXC,TRZ,16:30
6E7199,TRZ,MAA,17:35
6E7201,IXC,VGA,06:05
6E7204,TRZ,BLR,07:30
6E7206,IXC,VGA,21:25
6E7206,TRZ,HYD,20:15
6E7207,LKO,BLR,12:50
6E7208,IXC,VGA,09:10
6E7209,IXC,VGA,08:40
6E7209,TRZ,HYD,07:40
6E721,NAG,ATQ,02:55
6E7212,IXC,IXE,23:40
6E7213,IXC,GOI,15:30
6E7215,NAG,CCU,20:30
6E7216,COK,RPR,23:05
6E7216,NAG,CCU,21:10
6E7217,JAI,AMD,08:20
6E7221,IDR,LKO,16:45
6E7221,LKO,IDR,14:40
6E7228,NAG,HYD,11:40
6E7229,IXC,RJA,13:25
6E723,COK,ATQ,21:45
6E7234,COK,DBR,10:45
6E7235,COK,IXR,21:50
6E7235,NAG,CCU,20:25
6E7238,IXC,TRZ,18:20
6E724,IXC,GOI,20:40
6E7241,IXC,IXE,23:50
6E7241,LKO,HYD,21:55
6E7242,IXC,TRZ,19:00
6E7245,TRZ,BLR,07:50
6E7247,NAG,AMD,20:55
6E7248,NAG,BOM,21:00
6E7249,IXC,RPR,23:10
6E725,IDR,PNQ,06:50
6E7251,NAG,DEL,17:15
6E7252,IXC,IXU,06:40
6E7253,IXC,IXM,23:30
6E7255,COK,DEL,08:10
6E7255,COK,MAA,08:45
6E7255,COK,CNN,08:45
6E7255,TRZ,COK,10:50
6E7256,JAL,COK,20:20
6E7256,TRZ,COK,18:10
6E7257,LKO,BLR,07:50
6E7258,LKO,BLR,21:15
6E7259,IXC,IXU,09:55
6E726,IDR,PNQ,22:00
6E7263,IXC,VGA,13:40
6E7265,BHU,IXD,08:55
6E7266,BHU,IXD,13:25
6E7273,IDR,NAG,20:10
6E7273,JAI,IDR,21:50
6E7274,IDR,JAI,06:35
6E7275,IXC,HYD,11:10
6E7275,JAI,DED,11:25
6E7278,TRZ,CDP,14:05
6E7279,IXC,VGA,15:30
6E7279,TRZ,CDP,14:25
6E7281,NAG,BHO,15:15
6E7282,IXC,CDP,14:35
6E7287,IXC,CCJ,21:00
6E7291,IXC,VGA,18:15
6E7291,IXC,BLR,15:45
6E7291,IXC,GOX,15:45
6E7291,TRZ,MAA,07:10
6E7295,IDR,RPR,06:55
6E7295,TRZ,RPR,10:20
6E7296,IDR,RPR,18:40
6E7296,TRZ,RPR,15:00
6E7298,IXC,TRZ,06:05
6E7298,TRZ,MAA,07:10
6E7302,NAG,BHO,14:40
6E7304,COK,SHL,09:15
6E7306,IXC,CCU,15:50
6E7307,IXC,JLR,17:25
6E7308,IXC,MYQ,11:10
6E7308,IDR,HYD,16:30
6E7308,IDR,GOI,16:30
6E7308,IDR,MAA,18:45
6E7309,COK,SHL,17:35
6E7309,NAG,CCU,15:45
6E731,IXC,MAA,21:30
6E7311,IXC,VNS,14:00
6E7312,IXC,RJA,16:45
6E7313,NAG,CCU,15:25
6E7315,IDR,JLR,21:15
6E7315,IDR,BOM,09:40
6E7315,IDR,DEL,12:45
6E7315,IDR,BLR,12:45
6E7316,IDR,JLR,06:55
6E7317,COK,IXR,14:35
6E732,LKO,BLR,20:05
6E7322,TIR,VGA,18:10
6E7323,TRZ,TIR,10:15
6E7335,IXC,CNN,13:45
6E7339,IXC,TCR,09:25
6E7343,IXC,KLH,06:50
6E7344,NAG,HYD,18:00
6E7351,BHU,CCU,11:10
6E7351,COK,BBI,09:40
6E7352,BHU,CCU,15:00
6E7352,COK,BBI,16:15
6E7354,IXC,RPR,20:25
6E7357,LKO,BLR,21:35
6E7358,JAL,IDR,13:30
6E7359,JAL,IDR,13:10
6E7361,BHU,IXR,18:40
6E7361,NAG,BBI,19:35
6E7362,BHU,IXR,21:30
6E7362,NAG,BBI,19:55
6E7378,IXC,BLR,20:15
6E7378,IXC,BOM,09:00
6E7381,TRZ,BBI,10:50
6E7382,TRZ,BBI,14:25
6E7391,TRZ,HYD,18:40
6E7392,IXC,VGA,20:15
6E7406,JAI,JDH,10:10
6E7406,JAL,JAI,09:10
6E7407,IXC,BLR,16:00
6E7413,JAI,IXC,23:25
6E7414,JAI,PAT,20:20
6E7417,IXC,VGA,11:45
6E7418,COK,IXA,06:55
6E742,COK,HYD,23:10
6E7422,LKO,IDR,19:00
6E743,IXC,HYD,06:55
6E743,IXC,GOI,05:40
6E7438,TRZ,BOM,14:55
6E744,IXC,GOI,08:35
6E7442,BHU,DEL,18:30
6E7442,BHU,BOM,18:30
6E7452,IXC,NAG,05:55
6E7453,IXC,GOI,21:00
6E7453,IXC,ISK,18:35
6E7453,IXC,CJB,19:05
6E7454,IXC,GOI,11:50
6E7454,IXC,CJB,13:35
6E7454,IXC,ISK,14:05
6E746,IXC,PNQ,22:35
6E7465,JAI,UDR,06:55
6E7465,TRZ,JAI,07:55
6E7468,JAI,DED,17:35
6E7477,IXC,RJA,08:30
6E748,IXC,JAI,09:10
6E748,IXC,IMF,10:25
6E748,JAI,GAU,06:40
6E7482,JAI,HYD,12:40
6E7482,LKO,JAI,14:05
6E7483,IXC,IXC,08:15
6E7484,IXC,DHM,11:15
6E7485,IXC,DEL,13:10
6E7486,IXC,DEL,15:10
6E7486,IXC,IXC,15:10
6E7486,IXC,CCU,09:50
6E749,JAI,GAU,21:05
6E7502,NAG,AMD,02:45
6E7503,TIR,HYD,11:45
6E7504,BHU,RDP,11:30
6E7504,TRZ,RDP,15:00
6E7505,BHU,RDP,19:00
6E7505,IXC,VNS,17:10
6E7505,TRZ,RDP,15:25
6E751,COK,AMD,12:20
6E7512,IXC,IXG,15:50
6E7516,JAI,IXC,13:45
6E7517,IXC,JAI,15:40
6E7517,JAI,IXC,17:05
6E7517,JAI,UDR,17:30
6E7517,TRZ,JAI,18:30
6E7518,IXC,NAG,12:20
6E7519,IXC,NAG,15:45
6E7519,NAG,HYD,14:10
6E752,JAI,HYD,06:10
6E7524,JAI,AMD,18:20
6E7527,COK,TRV,13:10
6E7528,COK,TRV,15:50
6E7532,IXC,TIR,06:15
6E7532,TIR,HYD,07:45
6E7541,JAI,UDR,10:35
6E7543,IXC,NAG,19:10
6E7545,JAL,DEL,13:25
6E7546,IXC,RJA,17:10
6E7546,NAG,HYD,18:30
6E7547,IXC,RJA,20:15
6E7547,NAG,HYD,18:55
6E7548,NAG,HYD,10:20
6E7549,IXC,IXE,05:50
6E7552,TIR,HYD,10:35
6E7553,IXC,TIR,22:40
6E7554,IXC,RPR,06:15
6E7555,IXC,RPR,10:25
6E7555,NAG,HYD,08:30
6E756,IXC,IDR,00:25
6E756,IDR,BOM,23:15
6E7561,COK,IXR,05:55
6E7563,IXC,KLH,10:10
6E7564,IXC,TIR,13:40
6E7567,IXC,RJA,22:45
6E757,COK,BLR,17:00
6E7583,BHU,CCU,18:20
6E7583,BHU,RPR,12:50
6E7584,BHU,CCU,19:25
6E7584,COK,BBI,20:45
6E759,IXC,IXC,16:30
6E7593,IXC,IXM,19:25
6E7594,IXC,BHO,07:15
6E7595,IXC,BHO,11:50
6E760,IXC,BOM,18:10
6E760,IXC,IXC,18:55
6E7606,IXC,TCR,15:25
6E761,BHU,DEL,21:50
6E761,IXC,BBI,19:40
6E7623,BHU,CCU,08:35
6E7623,COK,BBI,07:10
6E764,IXC,HYD,16:35
6E766,IXC,HGI,17:45
6E767,IXC,JRH,11:30
6E767,JAL,CCU,13:55
6E767,JAL,DEL,13:55
6E7675,JAI,JSA,09:20
6E7677,JAI,JSA,13:00
6E7678,IXC,SXV,14:10
6E7684,IXC,IXM,17:40
6E7685,IXC,SHL,14:05
6E7686,IXC,SHL,13:35
6E7686,NAG,IMF,15:00
6E769,IXC,TRZ,18:20
6E769,TRZ,DEL,21:25
6E7695,IXC,NAG,22:40
6E7695,NAG,HYD,21:05
6E7696,IXC,AMD,13:45
6E7696,IXC,MAA,13:45
6E7697,IXC,GDB,16:05
6E770,IXC,TRZ,08:55
6E770,TRZ,BLR,07:05
6E771,COK,BLR,06:35
6E7711,TRZ,BLR,12:10
6E7712,TRZ,BLR,16:20
6E7714,IXC,BLR,11:20
6E7715,IXC,BLR,21:20
6E7718,IXC,JAI,11:05
6E7718,JAI,UDR,09:20
6E7718,JAI,IXC,09:45
6E7718,TRZ,JAI,08:15
6E7719,IXC,JAI,11:55
6E7722,IXC,DHM,14:25
6E7722,IXC,IXC,13:30
6E7727,IXC,IXE,19:30
6E7729,JAL,BLR,20:55
6E7729,JAL,DEL,08:25
6E7731,NAG,DEL,16:15
6E7731,NAG,HYD,16:15
6E7734,NAG,MAA,12:15
6E7737,TIR,BLR,17:50
6E7742,JAI,IXC,05:50
6E7743,IXC,JAI,07:35
6E7743,JAI,PAT,09:15
6E7744,JAI,IDR,06:25
6E7745,NAG,IDR,23:50
6E7745,NAG,BOM,21:20
6E7745,NAG,GOX,21:30
6E7745,NAG,PNQ,21:30
6E7749,TRZ,JAI,18:50
6E779,IXC,VTZ,15:00
6E7794,IXC,RPR,11:45
6E7795,IXC,RPR,20:00
6E7795,IDR,RPR,15:55
6E782,IXC,CJB,08:35
6E782,IXC,MAA,09:40
6E783,IXC,VTZ,17:10
6E784,JAI,STV,17:55
6E784,JAI,CCU,18:35
6E785,LKO,HYD,20:50
6E786,LKO,HYD,21:45
6E789,COK,BOM,13:30
6E789,LKO,CCU,16:30
6E790,COK,BOM,20:15
6E790,LKO,CCU,17:30
6E791,IXC,BOM,17:15
6E791,LKO,HYD,18:50
6E7918,NAG,BLR,13:05
6E792,IXC,GOI,21:15
6E792,LKO,HYD,19:35
6E7925,COK,PXN,13:10
6E794,NAG,AMD,22:05
6E795,LKO,IXR,16:15
6E797,LKO,PAT,20:05
6E798,IDR,CCU,21:15
6E798,COK,IDR,19:00
6E799,LKO,PAT,22:45
6E801,COK,RPR,18:20
6E801,NAG,CCU,16:55
6E802,LKO,AMD,16:05
6E803,LKO,AMD,19:15
6E804,IXC,CJB,14:25
6E804,IXC,MAA,15:35
6E806,BHU,DEL,22:20
6E806,IXC,BBI,00:50
6E810,IXC,BOM,18:00
6E811,LKO,JRG,09:45
6E812,COK,NAG,09:05
6E812,NAG,HYD,02:40
6E813,IXC,IDR,14:45
6E813,IDR,RPR,17:00
6E813,NAG,IDR,18:10
6E814,IXC,UDR,11:55
6E815,IXC,JAI,04:50
6E815,JAI,HYD,06:50
6E816,JAI,HYD,23:35
6E822,TRZ,CCU,11:25
6E827,IXC,BOM,13:55
6E834,IXC,HYD,10:40
6E834,IXC,CCU,12:00
6E835,NAG,VNS,01:00
6E839,JAI,BLR,05:40
6E842,IXC,BLR,11:45
6E846,IXC,UDR,08:00
6E846,TRZ,HYD,09:45
6E846,TRZ,BOM,07:40
6E847,IXC,BLR,16:45
6E848,IXC,MAA,16:05
6E850,IXC,HYD,18:30
6E850,IXC,DEL,20:50
6E851,IXC,BLR,18:20
6E854,IXC,IXB,19:35
6E855,IXC,BLR,21:25
6E856,LKO,CCU,21:10
6E859,IXC,BBI,17:05
6E862,COK,JRG,21:15
6E864,IXC,RPR,16:10
6E864,IXC,JSA,16:15
6E864,IXC,DED,16:15
6E864,LKO,DEL,19:25
6E869,IXC,BLR,14:45
6E874,IXC,BLR,16:40
6E874,COK,IXC,14:05
6E874,NAG,IXC,18:15
6E875,COK,HYD,23:10
6E875,COK,BLR,10:50
6E876,IXC,CCJ,11:35
6E876,COK,HYD,08:55
6E879,IXC,IXB,10:05
6E879,TRZ,HYD,11:45
6E881,TRZ,MAA,12:15
6E883,IXC,TIR,22:40
6E884,IXC,HYD,17:25
6E885,IXC,RPR,20:35
6E885,COK,GOI,22:25
6E885,NAG,GOI,18:40
6E886,IXC,GAU,10:20
6E887,IXC,BLR,05:05
6E889,IXC,DEL,22:05
6E892,COK,MAA,15:00
6E893,COK,DIB,07:15
6E894,IXC,NAG,20:15
6E895,COK,PAT,18:40
6E895,NAG,CCU,19:45
6E897,COK,BLR,10:40
6E901,IXC,BLR,21:30
6E902,IXC,IDR,17:35
6E903,COK,HYD,17:35
6E903,LKO,BLR,21:55
6E904,IXC,IXZ,10:30
6E905,IXC,CJB,13:50
6E906,LKO,BLR,22:45
6E909,NAG,BLR,09:15
6E916,IXC,PNQ,01:10
6E917,TRZ,MAA,17:15
6E918,IXC,PNQ,05:15
6E918,NAG,MAA,03:30
6E919,NAG,GOI,23:55
6E921,NAG,AMD,12:45
6E922,IXC,DED,20:10
6E923,IXC,CCU,21:15
6E923,COK,MAA,23:30
6E925,LKO,PAT,16:10
6E925,NAG,LKO,15:05
6E927,IXC,MAA,13:40
6E928,IXC,STV,06:05
6E929,IXC,STV,21:40
6E930,IXC,DEL,11:00
6E933,IXC,PNQ,20:25
6E933,NAG,DEL,22:35
6E936,LKO,HSR,15:20
6E937,LKO,HSR,18:20
6E938,IXC,CJB,09:15
6E939,IXC,BLR,07:55
6E940,IXC,AYJ,09:50
6E943,IXC,AYJ,14:40
6E944,COK,HYD,22:10
6E945,IXC,HYD,21:25
6E946,IXC,HYD,20:55
6E947,IXC,CCU,13:15
6E947,COK,GOX,15:55
6E948,COK,GOX,10:00
6E949,IXC,IXE,23:50
6E951,IXC,COK,13:40
6E951,COK,HYD,12:05
6E959,IDR,BLR,08:10
6E960,NAG,DEL,15:15
6E961,COK,NAG,21:00
6E962,IXC,DBR,17:05
6E963,IXC,HYD,20:00
6E963,IXC,DEL,22:20
6E966,COK,AMD,08:35
6E966,COK,IXA,09:25
6E968,COK,STV,21:50
6E968,NAG,CCU,19:30
6E971,IXC,IXC,10:20
6E972,IXC,HYD,08:10
6E972,IXC,GAU,05:35
6E975,COK,BLR,23:15
6E978,NAG,BLR,19:20
6E982,IXC,RDP,15:05
6E982,IXC,CJB,15:45
6E982,IXC,MAA,17:05
6E983,LKO,HDO,13:55
6E985,IXC,HYD,23:05
6E985,IXC,GOI,00:15
6E986,COK,MAA,17:20
6E987,IXC,CCU,04:45
6E987,COK,IXA,06:55
6E991,IXC,STV,09:15
6E991,IDR,MAA,11:15
6E991,NAG,MAA,11:25
6E994,COK,AJL,14:15
6E995,IXC,STV,17:50
6E995,IDR,MAA,15:40
6E995,NAG,MAA,15:40
9I407,GAU,HGI,07:55
9I408,GAU,HGI,11:10
9I408,GAU,GAU,10:05
9I414,GAU,TEI,09:45
9I422,GAU,HGI,11:40
9I423,GAU,ZER,18:10
9I423,BOM,HYD,09:45
9I423,BOM,RJA,12:30
9I505,HYD,AGX,09:05
9I506,HYD,AGX,08:40
9I507,HYD,BLR,08:40
9I508,HYD,BLR,12:45
9I508,HYD,SXV,15:30
9I514,BOM,BLR,14:20
9I517,HYD,BLR,14:50
9I518,HYD,BLR,11:00
9I547,DEL,IMF,11:05
9I601,BOM,AVR,14:55
9I601,BOM,JLG,18:40
9I602,HYD,BOM,20:35
9I602,BOM,JLG,21:40
9I609,HYD,AMD,20:00
9I612,BOM,AMD,22:30
9I613,DEL,PAB,07:50
9I613,HYD,PAB,11:45
9I614,HYD,PAB,13:40
9I623,BOM,DIU,10:30
9I624,HYD,HSS,17:55
9I624,BOM,DIU,14:20
9I625,BOM,BHJ,05:30
9I626,BOM,BHJ,09:40
9I627,BOM,BHJ,09:40
9I627,BOM,AVR,09:40
9I633,BOM,AVR,07:05
9I637,DEL,BUP,13:20
9I641,DEL,JAI,16:55
9I642,DEL,JAI,21:45
9I643,DEL,JAI,07:20
9I644,DEL,JAI,16:50
9I644,HYD,DEL,16:20
9I691,DEL,JLR,19:10
9I691,HYD,PAB,13:00
9I691,HYD,JLR,11:40
9I691,HYD,RPR,08:35
9I692,HYD,JGB,13:15
9I692,HYD,PAB,12:00
9I692,HYD,JLR,12:05
9I696,DEL,UDR,16:10
9I697,DEL,IXD,07:50
9I698,DEL,IXD,21:30
9I703,GAU,TEI,13:25
9I704,GAU,TEI,13:30
9I704,BOM,CCU,08:25
9I704,BOM,IMF,11:10
9I708,HYD,TEI,10:10
9I722,CCU,RUP,11:30
9I723,GAU,HGI,11:10
9I723,GAU,RUP,12:00
9I723,BOM,CCU,08:40
9I724,GAU,RUP,09:40
9I724,CCU,RUP,15:15
9I725,CCU,IMF,16:20
9I726,CCU,IMF,20:05
9I732,HYD,IXS,10:15
9I741,HYD,DMU,10:35
9I749,GAU,IMF,06:15
9I750,GAU,IMF,08:20
9I751,CCU,IXI,06:05
9I752,CCU,IXI,17:00
9I752,CCU,ATQ,09:35
9I752,CCU,DED,09:35
9I755,GAU,CCU,19:35
9I756,GAU,CCU,17:35
9I762,GAU,IXT,17:00
9I763,CCU,PAB,07:15
9I770,GAU,CCU,20:25
9I770,GAU,JAI,10:20
9I771,CCU,GAU,19:15
9I783,GAU,AJL,08:50
9I784,GAU,AJL,11:30
9I784,GAU,RUP,10:55
9I784,GAU,TEI,13:25
9I785,BOM,BLR,13:55
9I803,DEL,KUU,07:20
9I804,CCU,JAI,10:25
9I805,HYD,KUU,08:50
9I805,CCU,JAI,10:35
9I806,HYD,KUU,12:40
9I806,CCU,JAI,10:50
9I810,DEL,DEL,20:30
9I821,DEL,SLV,07:10
9I821,BOM,DEL,08:25
9I822,DEL,SLV,12:40
9I822,BOM,DEL,08:50
9I823,DEL,DEL,10:05
9I824,DEL,SLV,10:10
9I824,BOM,DHM,11:00
9I831,DEL,IXC,19:10
9I833,HYD,KUU,12:40
9I834,HYD,BKB,15:55
9I843,DEL,JAI,17:25
9I844,DEL,JAI,22:10
9I844,HYD,HSS,15:40
9I851,DEL,HSS,10:50
9I852,DEL,IXC,21:50
9I859,HYD,HSS,13:15
9I867,HYD,PNQ,17:55
9I874,DEL,NNS,16:15
9I877,HYD,TIR,07:05
9I877,BOM,RJA,08:50
9I878,HYD,TIR,10:20
9I885,HYD,BBI,09:00
9I886,HYD,PAB,12:05
9I893,HYD,MAA,15:45
9I894,HYD,MAA,19:35
AI1182,BHU,AMD,14:40
AI1183,BHU,AMD,15:15
AI1649,AMD,BOM,08:40
AI1701,BHU,BDQ,05:30
AI1705,BHU,BHO,06:20
AI1706,BHU,HYD,22:55
AI1713,BHU,TRV,15:30
AI1713,PNQ,DEL,18:55
AI1714,JAI,DEL,23:15
AI1716,BHU,IDR,18:40
AI1717,BHU,UDR,12:10
AI1717,BHU,CCU,12:10
AI1719,BHU,JAI,12:00
AI1720,JAI,DEL,06:25
AI1723,BHU,BHO,04:55
AI1724,BHU,COK,19:00
AI1730,BHU,BOM,19:30
AI1733,BHU,CCU,16:10
AI1734,BHU,DEL,00:05
AI1736,BHU,AMD,16:10
AI1736,BHU,BOM,16:10
AI1736,BHU,NAG,16:20
AI1736,BHU,JSA,16:20
AI1737,BHU,HSR,12:00
AI1739,BHU,SXR,11:30
AI1739,PNQ,DEL,13:10
AI1741,PNQ,DEL,12:00
AI1742,BHU,IXC,20:00
AI1743,BHU,DEL,07:55
AI1743,BHU,IXC,07:20
AI1744,BHU,BOM,18:00
AI1745,JAI,DEL,07:50
AI1746,BHU,PAT,16:55
AI1747,BHU,BBI,07:00
AI1753,BHU,CJB,15:00
AI1755,BHU,PAT,15:25
AI1755,BHU,DEL,09:15
AI176,BLR,CCU,08:50
AI1761,BHU,PAT,10:55
AI1761,JAI,DEL,12:50
AI1763,JAI,DEL,13:45
AI1765,BHU,JSA,07:30
AI1767,BHU,JAI,08:10
AI1769,BHU,TRV,07:10
AI1775,JAI,DEL,08:05
AI1777,BHU,BOM,16:00
AI1777,JAI,DEL,18:45
AI1779,BHU,UDR,14:10
AI1785,JAI,DEL,14:20
AI1787,BHU,IDR,12:10
AI1789,BHU,DED,10:25
AI179,JAI,CCU,13:20
AI1791,BHU,CCU,09:25
AI1793,BHU,HYD,06:10
AI1799,PNQ,DEL,07:45
AI1802,PNQ,DEL,21:35
AI1806,BHU,BOM,08:10
AI1806,BHU,AMD,08:10
AI1808,BHU,BDQ,09:40
AI1810,BHU,SXR,13:15
AI1810,PNQ,DEL,08:55
AI1812,BHU,RPR,11:10
AI1814,BHU,BBI,12:20
AI1815,BHU,BOM,16:40
AI1818,PNQ,DEL,13:45
AI1819,BHU,PAT,21:15
AI1819,JAI,DEL,19:10
AI1820,BHU,UDR,15:05
AI1820,PNQ,DEL,14:00
AI1821,BHU,LKO,23:25
AI1824,BHU,LKO,16:50
AI1828,BHU,COK,00:30
AI1828,JAI,BOM,04:45
AI1830,PNQ,DEL,19:35
AI1832,BHU,CCU,03:10
AI1832,JAI,DEL,00:30
AI1834,BHU,JAI,09:35
AI1837,BHU,BLR,18:30
AI1838,BHU,PNQ,11:05
AI1839,BHU,PNQ,18:10
AI1839,PNQ,DEL,18:45
AI1842,BHU,IXL,13:35
AI1842,JAI,DEL,12:10
AI1846,JAI,DEL,13:35
AI1848,JAI,DEL,09:10
AI1853,BHU,PNQ,22:55
AI1854,BHU,GOX,00:40
AI1859,BHU,BOM,09:35
AI1859,BHU,DEL,09:35
AI1862,BHU,DEL,08:45
AI1862,BHU,IXC,10:05
AI1863,BHU,CCU,21:35
AI1864,BHU,JSA,10:55
AI1865,BHU,IDR,22:40
AI1866,BHU,HYD,11:20
AI1867,BHU,GAU,19:10
AI1869,BHU,DED,17:50
AI1870,BHU,VNS,14:30
AI1870,PNQ,DEL,12:50
AI1873,JAI,DEL,14:30
AI1874,BHU,CCU,15:45
AI1874,JAI,BOM,14:15
AI1879,BHU,BLR,22:45
AI1879,BHU,IXC,23:05
AI1882,BHU,BOM,02:15
AI1882,JAI,DEL,23:55
AI1884,AMD,DEL,07:55
AI1886,BHU,BHO,09:45
AI1890,JAI,DEL,08:55
AI1892,JAI,DEL,10:25
AI1894,BHU,BHO,07:55
AI1895,BHU,BOM,23:45
AI1895,JAI,DEL,21:30
AI2262,JAI,BOM,07:05
AI2267,JAI,BOM,12:55
AI2270,BHU,BOM,19:45
AI2270,JAI,IXC,22:30
AI2322,AMD,DEL,23:00
AI2401,BLR,BOM,22:15
AI2401,JAI,DEL,08:25
AI2402,BLR,BOM,06:30
AI2402,JAI,BLR,08:30
AI2403,BHU,DEL,15:45
AI2403,BHU,IXC,16:35
AI2403,JAI,DEL,20:15
AI2404,BHU,PNQ,07:45
AI2408,BHU,BOM,21:50
AI2408,JAI,DEL,19:30
AI2409,BHU,BLR,06:00
AI2410,JAI,CCU,00:55
AI2411,JAI,CCU,19:20
AI2412,BHU,BLR,21:30
AI2413,BHU,TIR,13:30
AI2415,BLR,DEL,12:30
AI2417,BHU,BLR,13:00
AI2418,BLR,HYD,16:55
AI2419,BHU,BOM,14:15
AI2419,JAI,DEL,12:05
AI2421,BHU,BOM,02:00
AI2422,JAI,DEL,01:25
AI2423,BHU,TIR,16:15
AI2423,PNQ,DEL,11:50
AI2423,PNQ,HYD,12:30
AI2424,JAI,DEL,07:00
AI2425,BHU,BOM,10:30
AI2425,JAI,DEL,13:15
AI2426,BHU,BOM,21:20
AI2426,JAI,DEL,19:00
AI2428,BHU,BOM,10:20
AI2429,JAI,DEL,09:15
AI2430,JAI,DEL,10:00
AI2431,JAI,SXR,08:45
AI2431,PNQ,IXL,09:35
AI2433,JAI,DEL,23:55
AI2434,PNQ,IXL,10:20
AI2435,BHU,BOM,08:00
AI2435,JAI,IXJ,08:45
AI2436,JAI,IXJ,11:30
AI2437,BHU,BBI,22:35
AI2437,JAI,DEL,00:50
AI2439,BHU,BOM,23:00
AI2439,JAI,DEL,01:25
AI2440,BHU,BOM,20:20
AI2440,JAI,DEL,18:00
AI2441,JAI,DEL,16:35
AI2442,BHU,BOM,17:20
AI2444,BHU,BOM,12:30
AI2445,BHU,BOM,14:25
AI2445,JAI,HYD,16:10
AI2447,BHU,BOM,17:30
AI2448,BHU,DEL,12:15
AI2449,BHU,HYD,22:00
AI2449,BHU,DEL,00:25
AI2458,BHU,COK,12:00
AI2459,BHU,COK,19:15
AI2461,BHU,IXL,06:30
AI2461,JAI,DEL,08:10
AI2462,BHU,IXL,14:10
AI2465,BHU,HYD,14:30
AI2465,BHU,DEL,16:50
AI2466,BHU,HYD,10:25
AI2466,BHU,DEL,08:05
AI2468,BHU,MAA,17:15
AI2470,PNQ,DEL,07:55
AI2471,JAI,BOM,14:15
AI2472,JAI,BOM,15:10
AI2472,JAI,CCU,18:15
AI2473,PNQ,DEL,06:45
AI2482,JAI,BOM,20:35
AI2482,JAI,CCU,23:30
AI2483,BHU,DEL,15:05
AI2483,BHU,MAA,12:10
AI2484,BHU,DEL,16:25
AI2484,BHU,MAA,19:30
AI2485,BLR,DEL,13:20
AI2486,BLR,DEL,14:00
AI2488,BLR,DEL,22:25
AI2491,JAI,LKO,11:05
AI2492,JAI,LKO,16:40
AI2494,JAI,AMD,22:40
AI2495,BHU,VNS,07:40
AI2496,PNQ,DEL,09:45
AI2497,JAI,MAA,13:30
AI2500,BHU,LKO,09:25
AI2502,JAI,JAI,10:20
AI2505,JAI,GOI,19:30
AI2506,JAI,GOI,23:15
AI2508,JAI,CJB,11:35
AI2511,BLR,DEL,15:00
AI2511,BHU,BLR,18:00
AI2512,BLR,DEL,22:00
AI2517,JAI,BOM,15:20
AI2517,JAI,COK,13:30
AI2518,JAI,BOM,16:45
AI2518,JAI,COK,19:10
AI2519,BHU,DEL,18:30
AI2520,BHU,DEL,20:00
AI2523,BHU,PAT,10:45
AI2524,BHU,PAT,15:20
AI2525,BHU,DEL,08:55
AI2525,BHU,MAA,06:10
AI2526,BHU,DEL,09:50
AI2532,BHU,DEL,12:15
AI2532,BHU,IXC,11:10
AI2533,BHU,DEL,13:40
AI2533,BHU,IXC,14:50
AI2535,BHU,CCU,06:40
AI2536,BHU,CCU,12:40
AI2537,BHU,HSR,17:30
AI2538,BHU,HSR,21:50
AI2541,BHU,TIR,16:15
AI2543,BHU,HYD,12:30
AI2543,BHU,DEL,10:10
AI2545,AMD,DEL,22:20
AI2545,BHU,AMD,20:30
AI2546,BHU,AMD,00:45
AI2559,BHU,DEL,06:30
AI2560,BHU,BOM,09:55
AI2566,JAI,BOM,06:15
AI2566,JAI,JAI,08:35
AI2571,BHU,VGA,05:45
AI2577,BHU,DEL,04:15
AI2578,BHU,DEL,05:30
AI2580,JAI,UDR,14:20
AI2580,PNQ,DEL,13:20
AI2581,JAI,NAG,05:55
AI2582,JAI,NAG,09:45
AI2586,AMD,BOM,22:25
AI2593,JAI,HSR,09:30
AI2593,JAI,AMD,09:30
AI2593,PNQ,BOM,14:00
AI2594,JAI,UDR,16:35
AI2594,PNQ,BOM,14:30
AI2595,JAI,UDR,14:30
AI2595,PNQ,BOM,15:55
AI2596,PNQ,BOM,16:35
AI2600,BHU,BLR,17:00
AI2602,BHU,DEL,19:15
AI2602,BHU,IXC,20:25
AI2603,JAI,BLR,06:35
AI2605,JAI,TRV,06:30
AI2608,PNQ,DEL,00:35
AI2610,JAI,BLR,21:05
AI2611,JAI,SXR,13:20
AI2611,JAI,IXL,10:25
AI2612,JAI,SXR,13:55
AI2613,AMD,DEL,00:20
AI2613,BHU,AMD,02:00
AI2614,BHU,AMD,02:25
AI2624,BHU,VNS,17:25
AI2625,BHU,BOM,07:25
AI2626,BHU,BOM,07:35
AI2626,JAI,HYD,09:25
AI2628,BHU,DEL,14:20
AI2630,JAI,BLR,14:05
AI2632,BLR,MAA,13:50
AI2636,AMD,DEL,08:10
AI2636,BHU,RPR,16:45
AI2639,BHU,BLR,14:40
AI2640,BHU,BLR,15:30
AI2642,BLR,DEL,22:00
AI2643,JAI,BOM,00:35
AI2645,BHU,PAT,13:00
AI2645,JAI,DEL,14:55
AI2646,JAI,DEL,15:30
AI2651,BLR,DEL,10:55
AI2652,BLR,DEL,12:30
AI2653,BLR,DEL,07:25
AI2653,BHU,BLR,04:30
AI2654,BLR,DEL,07:00
AI2654,BHU,BLR,09:35
AI2655,JAI,TRV,17:35
AI2655,PNQ,BOM,19:45
AI2656,JAI,TRV,23:05
AI2656,JAI,HYD,19:55
AI2656,PNQ,DEL,18:55
AI2656,PNQ,BOM,20:30
AI2658,BHU,BLR,15:15
AI2659,JAI,IXC,14:35
AI2660,BHU,DEL,18:05
AI2660,JAI,IXC,20:30
AI2664,BLR,DEL,18:00
AI2664,BLR,BOM,19:00
AI2664,BHU,BLR,15:30
AI2665,BLR,DEL,19:30
AI2665,BHU,BLR,22:30
AI2672,BHU,PAT,10:00
AI2677,JAI,DEL,13:00
AI2687,BHU,BOM,18:25
AI2687,JAI,DEL,16:00
AI2699,BHU,BOM,22:20
AI2699,JAI,HYD,00:10
AI2702,BHU,CCU,02:00
AI2702,JAI,DEL,04:15
AI2706,BHU,DEL,15:00
AI2706,BHU,IXC,14:00
AI2706,JAI,DEL,10:30
AI2708,JAI,DEL,21:00
AI2716,BHU,HYD,16:10
AI2720,JAI,DEL,07:00
AI2727,BHU,CCU,22:00
AI2727,JAI,DEL,00:15
AI2728,JAI,ATQ,05:00
AI2730,JAI,HSR,16:00
AI2730,PNQ,BOM,17:15
AI2731,PNQ,BOM,18:05
AI2732,JAI,CJB,19:05
AI2733,JAI,CJB,23:50
AI2734,BHU,BOM,14:50
AI2735,BHU,BOM,15:25
AI2739,JAI,MAA,09:00
AI2740,BHU,BOM,15:45
AI2740,JAI,MAA,17:55
AI2741,JAI,DED,07:40
AI2742,JAI,DED,13:05
AI2744,JAI,COK,10:15
AI2745,JAI,GOI,15:30
AI2747,JAI,BOM,12:55
AI2747,JAI,DEL,08:35
AI2747,JAI,JDH,11:10
AI2748,JAI,BOM,13:40
AI2748,JAI,JDH,15:10
AI2748,JAI,BLR,15:25
AI2749,JAI,MAA,17:50
AI2750,JAI,HYD,21:25
AI2755,BHU,BLR,11:55
AI2756,BHU,BLR,14:40
AI2757,BLR,DEL,03:10
AI2758,BLR,DEL,00:15
AI2759,BHU,BHO,17:40
AI2761,BHU,JAI,15:25
AI2762,BHU,JAI,18:40
AI2768,BHU,CCU,19:00
AI2771,JAI,BOM,09:50
AI2776,BHU,DEL,23:50
AI2778,JAI,DEL,08:30
AI2779,BHU,BLR,07:15
AI2780,BHU,BOM,15:40
AI2781,JAI,JAI,11:00
AI2783,BHU,BOM,19:10
AI2783,JAI,IXC,16:45
AI2784,BHU,BOM,19:45
AI2784,JAI,IXC,22:30
AI2787,JAI,COK,06:35
AI2788,JAI,BOM,09:55
AI2788,JAI,COK,12:20
AI2789,JAI,BOM,12:15
AI2789,JAI,DEL,13:15
AI2790,JAI,PAT,16:20
AI2791,JAI,BOM,22:25
AI2791,JAI,COK,20:10
AI2792,JAI,BOM,23:00
AI2795,BHU,COK,08:00
AI2796,BHU,COK,15:25
AI2796,JAI,BOM,12:05
AI2802,BLR,DEL,19:00
AI2804,BHU,BLR,12:55
AI2805,BHU,BOM,20:00
AI2805,JAI,DEL,22:25
AI2809,BLR,DEL,22:25
AI2810,BLR,DEL,06:00
AI2810,BHU,BLR,08:45
AI2811,JAI,BLR,01:45
AI2812,BLR,BOM,03:45
AI2812,JAI,CCU,03:05
AI2813,BHU,BLR,18:00
AI2814,BLR,BOM,22:15
AI2814,BHU,BLR,00:55
AI2815,BLR,DEL,09:45
AI2817,BLR,DEL,19:30
AI2817,BHU,BLR,16:30
AI2821,JAI,MAA,06:40
AI2822,JAI,MAA,11:50
AI2823,BLR,MAA,17:20
AI2823,BLR,DEL,08:20
AI2823,BLR,BOM,08:20
AI2824,BLR,MAA,14:30
AI2827,BHU,BOM,22:50
AI2828,BHU,BOM,06:15
AI2828,JAI,MAA,08:25
AI2832,BHU,DEL,06:55
AI2833,BHU,MAA,07:30
AI2834,BHU,DEL,17:50
AI2834,BHU,MAA,20:55
AI2835,BHU,DEL,22:40
AI2835,BHU,MAA,19:30
AI2836,BHU,MAA,13:55
AI2837,BHU,DEL,21:00
AI2837,BHU,MAA,18:10
AI2838,BHU,DEL,21:40
AI2838,BHU,MAA,00:30
AI2839,BHU,DEL,16:20
AI2839,BHU,MAA,13:40
AI2840,JAI,BLR,00:30
AI2845,JAI,BLR,06:00
AI2847,AMD,BOM,11:20
AI2848,AMD,BOM,12:00
AI2848,JAI,AMD,16:20
AI2849,JAI,BLR,17:30
AI2852,BLR,BOM,10:10
AI2853,BLR,BOM,17:20
AI2854,BLR,DEL,18:00
AI2855,JAI,COK,09:55
AI2857,BLR,BOM,01:20
AI2857,JAI,BLR,23:30
AI2858,BLR,BOM,02:00
AI2858,JAI,BLR,04:00
AI2859,BHU,DEL,12:45
AI2860,BHU,HYD,09:45
AI2860,BHU,DEL,07:20
AI2863,BLR,BOM,11:50
AI2863,JAI,BLR,09:50
AI2865,BLR,BOM,21:15
AI2865,JAI,BLR,19:40
AI2866,PNQ,DEL,16:45
AI2867,BHU,BDQ,19:25
AI2867,PNQ,DEL,17:40
AI2868,BLR,DEL,09:00
AI2868,BHU,BLR,12:00
AI2869,BHU,BOM,23:05
AI2870,BHU,HYD,23:45
AI2870,BHU,DEL,16:05
AI2871,BHU,DEL,23:10
AI2872,BHU,BOM,06:00
AI2873,BHU,BOM,08:50
AI2873,JAI,HYD,07:35
AI2879,BHU,DEL,19:55
AI2880,BHU,HYD,20:55
AI2880,BHU,DEL,18:35
AI2881,BHU,BDQ,18:30
AI2881,PNQ,DEL,06:50
AI2883,BHU,COK,05:55
AI2883,JAI,DEL,09:20
AI2884,BHU,COK,10:50
AI2884,JAI,DEL,07:40
AI2885,BHU,DEL,04:55
AI2886,BHU,DEL,08:05
AI2890,BHU,HYD,19:55
AI2892,PNQ,BOM,07:40
AI2895,BHU,MAA,21:25
AI2896,BHU,DEL,06:00
AI2897,BHU,IXZ,05:30
AI2898,BHU,IXZ,14:20
AI2899,BHU,HYD,12:30
AI2899,BHU,DEL,14:50
AI2903,PNQ,DEL,09:10
AI2904,BHU,VGA,23:35
AI2910,JAI,DEL,17:25
AI2916,JAI,AMD,20:05
AI2918,AMD,BOM,06:00
AI2919,AMD,BOM,23:15
AI2927,BHU,BOM,09:30
AI2927,JAI,GOI,05:10
AI2928,BHU,BOM,08:40
AI2930,JAI,DEL,07:30
AI2933,BHU,BOM,15:30
AI2933,JAI,DEL,17:45
AI2937,BHU,IXZ,07:10
AI2938,AMD,BOM,19:10
AI2944,BHU,BOM,16:40
AI2944,JAI,DEL,14:25
AI2945,JAI,DEL,13:20
AI2946,AMD,DEL,09:55
AI2947,BLR,PAT,07:00
AI2948,BLR,PAT,12:50
AI2950,BHU,BOM,00:15
AI2951,JAI,DEL,15:45
AI2952,JAI,DEL,10:55
AI2955,BHU,BOM,18:00
AI2957,BHU,BOM,20:30
AI2957,JAI,DEL,23:05
AI2960,JAI,DEL,14:05
AI2961,BHU,DEL,02:15
AI2962,BHU,DEL,02:55
AI2964,BHU,DEL,00:15
AI2965,BHU,DEL,07:00
AI2966,AMD,DEL,16:00
AI2966,BHU,ATQ,17:15
AI2967,AMD,DEL,15:25
AI2968,JAI,JAI,17:00
AI2968,JAI,PAT,18:55
AI2969,JAI,PAT,13:15
AI2970,JAI,DEL,08:30
AI2971,BHU,PNQ,15:55
AI2971,PNQ,DEL,18:10
AI2972,PNQ,DEL,18:45
AI2973,BHU,PNQ,20:50
AI2973,PNQ,DEL,23:05
AI2975,BHU,BOM,06:25
AI2977,BHU,BOM,19:00
AI2977,JAI,DEL,21:30
AI2981,BHU,BOM,21:00
AI2986,BHU,BOM,01:00
AI2988,BHU,BOM,22:50
AI2988,JAI,DEL,20:30
AI2996,BHU,BOM,20:45
AI2996,JAI,DEL,18:30
AI2997,AMD,BOM,13:05
AI2997,JAI,ATQ,10:25
AI2998,AMD,BOM,13:45
AI2999,JAI,DEL,00:25
AI3419,BHU,IXL,06:30
AI3420,BHU,IXL,10:45
AI3420,JAI,DEL,09:00
AI4007,BHU,DEL,17:20
AI4008,BHU,DEL,17:50
AI4011,JAI,DEL,16:35
AI4011,JAI,IXC,16:45
AI4013,BHU,BOM,22:55
AI4014,BHU,BOM,23:50
AI4017,JAI,BOM,09:00
AI4018,AMD,DEL,12:15
AI4018,JAI,JGA,17:40
AI4019,PNQ,DEL,10:10
AI4020,PNQ,BOM,11:00
AI4026,JAI,DEL,12:45
AI4030,JAI,BOM,23:10
AI4036,BHU,BOM,14:20
AI4039,AMD,BOM,19:45
AI404,PNQ,DEL,07:25
AI4040,AMD,BOM,20:30
AI4042,JAI,BOM,08:00
AI4045,JAI,BOM,18:15
AI413,JAI,BOM,23:15
AI413,JAI,JAI,21:15
AI414,JAI,BOM,06:00
AI414,JAI,JAI,08:05
AI416,BHU,BBI,10:30
AI418,BHU,DEL,12:00
AI418,JAI,HYD,13:20
AI419,BHU,DEL,10:35
AI419,PNQ,DEL,16:00
AI420,BHU,DEL,13:00
AI420,PNQ,DEL,16:40
AI421,AMD,DEL,11:05
AI422,AMD,DEL,14:00
AI422,BHU,ATQ,15:05
AI423,AMD,DEL,11:05
AI424,AMD,DEL,11:00
AI424,BHU,AMD,13:50
AI427,BLR,DEL,11:20
AI427,BHU,BLR,08:30
AI432,JAI,DED,17:35
AI435,JAI,MAA,18:10
AI436,JAI,MAA,23:10
AI441,BHU,BOM,17:05
AI441,JAI,DEL,19:30
AI441,JAI,BHJ,17:25
AI441,JAI,IDR,17:50
AI4462,JAI,DEL,12:35
AI4591,PNQ,HYD,08:05
AI4592,PNQ,HYD,08:55
AI466,BHU,BBI,18:20
AI466,BHU,AMD,18:20
AI466,BHU,GOX,18:20
AI466,BHU,NAG,18:20
AI4672,JAI,DEL,08:30
AI4673,JAI,BOM,09:25
AI471,BHU,BOM,08:10
AI471,JAI,IXC,05:30
AI472,BHU,BOM,09:00
AI472,JAI,IXC,11:05
AI4747,JAI,JDH,01:35
AI478,JAI,DEL,07:05
AI479,BHU,ATQ,21:20
AI488,BHU,GOI,21:45
AI488,BHU,DEL,19:20
AI493,JAI,AMD,06:50
AI496,BHU,ATQ,11:40
AI506,BHU,COK,02:30
AI5060,BHU,VNS,11:20
AI507,BLR,DEL,11:15
AI508,BLR,DEL,11:15
AI517,JAI,DEL,00:00
AI5177,BHU,DEL,21:20
AI5178,BHU,DEL,22:00
AI5217,AMD,DEL,00:20
AI5218,AMD,DEL,06:30
AI522,BHU,BLR,14:00
AI523,JAI,BOM,18:45
AI5232,JAI,DEL,13:40
AI5233,JAI,DEL,07:00
AI5234,JAI,DEL,07:30
AI531,AMD,BOM,21:00
AI531,BHU,AMD,19:20
AI532,AMD,DEL,21:35
AI532,BHU,VTZ,00:10
AI532,BHU,AMD,23:35
AI537,BHU,IXU,14:00
AI537,BHU,BOM,14:00
AI537,BHU,MAA,15:45
AI538,BHU,BOM,20:25
AI538,BHU,MAA,22:45
AI540,BHU,DEL,00:30
AI5518,AMD,DEL,23:40
AI5519,AMD,DEL,05:05
AI571,JAI,MAA,10:05
AI573,BHU,BOM,19:10
AI573,JAI,MAA,17:05
AI573,JAI,DEL,15:00
AI573,JAI,COK,15:00
AI573,JAI,AMD,16:25
AI573,JAI,PAT,16:25
AI574,JAI,MAA,13:40
AI5906,BHU,AMD,00:40
AI598,JAI,VGA,15:40
AI599,JAI,VGA,20:35
AI601,JAI,BHJ,06:20
AI602,JAI,AMD,09:55
AI615,BHU,BOM,19:10
AI621,JAI,BOM,18:55
AI622,JAI,BOM,19:55
AI622,JAI,JAI,22:20
AI633,JAI,BHO,11:15
AI634,JAI,BHO,15:05
AI639,BHU,BOM,00:55
AI639,JAI,MAA,22:55
AI640,BHU,BOM,18:00
AI640,JAI,MAA,20:25
AI646,JAI,JDH,14:00
AI648,JAI,JGA,14:40
AI676,JAI,BOM,06:25
AI676,JAI,CCU,09:30
AI681,JAI,BOM,19:05
AI681,JAI,COK,16:55
AI695,JAI,VNS,10:20
AI699,JAI,BOM,20:00
AI709,JAI,GAU,10:15
AI754,JAI,IXS,09:15
AI809,AMD,DEL,19:15
AI810,BHU,AMD,22:20
AI811,BHU,JDH,11:30
AI814,JAI,DEL,15:25
AI815,BHU,JDH,16:35
AI815,JAI,DEL,16:00
AI816,BHU,BOM,23:15
AI816,JAI,DEL,21:00
AI817,AMD,DEL,07:50
AI817,BHU,AMD,05:45
AI829,BHU,LKO,22:15
AI830,PNQ,DEL,06:00
AI840,BHU,HYD,22:25
AI866,BHU,BOM,14:00
AI879,BHU,DEL,09:15
AI880,BHU,DEL,09:50
AI881,AMD,DEL,15:20
AI881,BHU,AMD,13:35
AI882,AMD,DEL,16:00
AI895,JAI,BOM,22:00
AI896,JAI,DEL,22:40
IC1301,GOI,HYD,16:45
IC1301,HYD,GOX,18:25
IC1302,HYD,GOX,18:50
IC1401,GOI,PNQ,06:00
IC1401,HYD,GOX,06:55
IC1402,GOI,PNQ,12:05
IC1402,HYD,GOX,11:55
IC1403,GOI,HYD,20:30
IC1404,GOI,PNQ,21:55
IC1404,GOI,HYD,09:40
IC1404,HYD,JLG,15:30
IC1501,GOI,SSE,13:35
IC1602,HYD,GOX,06:55
IC2401,GOI,NDC,21:50
IC2402,GOI,PNQ,21:55
IC3102,HYD,AGX,06:35
IC5101,GOI,AGX,11:30
IC5102,GOI,AGX,07:20
IC5201,GOI,JLG,21:00
IC5201,HYD,HYD,16:40
IC5201,HYD,PNQ,16:40
IC5202,GOI,PNQ,13:10
IC5202,GOI,JLG,14:30
IC5202,HYD,GOX,13:50
IC5203,HYD,JLG,20:45
IC5203,HYD,GOX,15:20
IC5203,HYD,HYD,18:25
IC5204,HYD,GOX,18:25
IC5205,HYD,PNQ,14:10
IC5206,HYD,PNQ,17:15
IC5301,HYD,BLR,09:50
IC5304,HYD,SDW,07:50
IC5305,HYD,SDW,11:35
IC5306,HYD,SDW,07:50
IC5403,GOI,NDC,21:50
IC5404,GOI,NDC,06:10
IC7401,GOI,PNQ,10:25
IC7401,HYD,GOX,11:35
IC7402,GOI,PNQ,09:10
IC7402,HYD,GOX,07:50
IX1007,IXB,DEL,07:55
IX1011,AUR,DEL,20:10
IX1015,SHI,DEL,13:35
IX1016,DEL,SXR,12:30
IX1017,DEL,SXR,14:35
IX1019,DEL,PNQ,02:30
IX1020,DEL,SXR,17:45
IX1020,SHI,DEL,19:35
IX1021,DEL,SXR,22:10
IX1021,SHI,DEL,20:10
IX1023,IXE,VNS,12:15
IX1024,IXE,DEL,19:10
IX1025,IXE,BBI,23:50
IX1026,IXE,LKO,07:05
IX1027,KAN,BOM,09:30
IX1027,IXE,LKO,12:10
IX1028,DEL,SXR,19:30
IX1028,SHI,IXJ,15:30
IX1028,SHI,DEL,15:30
IX1032,DEL,BOM,07:10
IX1032,DEL,BLR,07:10
IX1032,DEL,GAU,09:00
IX1032,GOI,DEL,11:30
IX1032,GOI,IMF,11:35
IX1032,HYD,GAU,13:20
IX1034,GOI,IMF,15:20
IX1034,GOI,DEL,15:50
IX1034,HYD,GAU,14:00
IX1035,DEL,GAU,10:15
IX1035,GOI,DEL,11:00
IX1036,DEL,GAU,16:05
IX1036,GOI,DEL,13:10
IX1038,DEL,GOX,19:10
IX1038,SHI,BLR,17:50
IX1039,BLR,DEL,18:15
IX1039,DEL,STV,02:10
IX1041,DEL,GAU,13:40
IX1042,GOI,CCU,15:55
IX1042,GOI,HYD,15:55
IX1046,DEL,IXR,07:20
IX1048,DEL,IXR,11:40
IX1050,DEL,IXR,19:20
IX1050,IXR,DEL,07:30
IX1052,DEL,UDR,20:05
IX1053,DEL,IXR,23:55
IX1053,DEL,GAU,14:20
IX1054,DEL,PAT,20:05
IX1056,DEL,IXR,21:30
IX1059,BLR,DEL,14:45
IX1061,BLR,DEL,20:20
IX1062,BLR,IXC,23:20
IX1062,BLR,MAA,10:50
IX1062,BLR,BLR,15:15
IX1063,BLR,DEL,20:55
IX1064,BLR,DEL,19:20
IX1065,BLR,DEL,20:00
IX1067,IXB,DEL,08:05
IX1067,DEL,IXB,06:50
IX1068,IXB,DEL,08:45
IX1069,DUR,DEL,09:15
IX1070,DEL,JDH,14:35
IX1071,IDR,BOM,10:10
IX1072,BLR,HYD,23:45
IX1072,HYD,VTZ,22:25
IX1073,BLR,HYD,20:10
IX1073,HYD,BLR,21:35
IX1078,DEL,IXB,20:10
IX1080,DEL,IXB,18:00
IX1081,IXB,DEL,18:05
IX1082,IXB,DEL,18:40
IX1084,DEL,BLR,09:15
IX1084,GOI,DEL,15:45
IX1087,BLR,VNS,15:40
IX1087,BLR,BBI,12:30
IX1087,BLR,GAU,12:30
IX1087,STV,DEL,08:05
IX1088,DEL,PNQ,11:00
IX1089,BLR,IXC,16:25
IX1090,DEL,IDR,13:10
IX1091,DEL,IDR,17:05
IX1092,DEL,IDR,20:10
IX1092,IDR,DEL,22:00
IX1093,DEL,IDR,00:20
IX1095,KAN,DEL,13:00
IX1096,KAN,DEL,13:15
IX1098,BLR,PNQ,22:15
IX1098,PNQ,HYD,21:00
IX1104,NAG,DEL,10:25
IX1108,DEL,GOI,05:15
IX1109,DEL,GOI,11:05
IX111,GOI,GOI,17:15
IX1117,KAN,PNQ,13:35
IX1117,IXE,DEL,01:25
IX1117,PNQ,LKO,18:45
IX1119,PNQ,IDR,17:35
IX112,GOI,BOM,17:35
IX112,GOI,BLR,08:15
IX112,GOI,CCU,08:15
IX1120,GOI,DEL,23:15
IX1121,GOI,DEL,23:45
IX1121,GOI,BLR,22:25
IX1123,IXB,DEL,17:40
IX1127,IXM,BLR,20:25
IX1131,BLR,CCU,08:20
IX1134,BLR,JAI,15:25
IX1134,KAN,BLR,11:35
IX1136,BLR,BBI,20:05
IX1138,BLR,PNQ,12:45
IX1139,BLR,PNQ,16:40
IX1147,SHI,DEL,12:25
IX1148,SHI,DEL,13:05
IX1154,IXB,BLR,11:10
IX1157,SHI,DEL,11:30
IX1158,IXJ,SXR,15:00
IX1158,SHI,IXJ,12:10
IX1163,IXJ,DEL,15:40
IX1167,BLR,COK,13:45
IX1168,BLR,COK,16:45
IX1168,BLR,VNS,18:55
IX1176,IXE,HDO,04:50
IX1178,GOI,IXC,11:55
IX1178,IXE,HDO,13:45
IX1180,DEL,IXB,22:25
IX1184,DEL,ATQ,05:40
IX1185,ATQ,DEL,05:25
IX1197,DEL,PAT,08:40
IX1198,DEL,PAT,12:20
IX1201,DEL,GAU,02:20
IX1202,GOI,JAI,07:55
IX1209,IXE,GOX,23:25
IX1210,KAN,DEL,00:05
IX1212,DEL,GOX,17:10
IX1212,GOI,DEL,19:55
IX1213,DEL,GOX,23:25
IX1213,GOI,DEL,20:20
IX1214,IXE,GOI,15:20
IX1214,IXE,JAI,16:20
IX1215,BLR,BBI,07:35
IX1216,BLR,GOI,12:40
IX1216,BLR,GWL,13:15
IX1217,BLR,GWL,19:10
IX1217,GOI,BLR,15:55
IX1219,IDR,PNQ,18:50
IX1220,GOI,DEL,21:50
IX1221,GOI,DEL,22:20
IX1226,DEL,PNQ,09:55
IX1226,VNS,DEL,09:25
IX1229,DEL,STV,12:50
IX1229,STV,DEL,22:30
IX1230,DEL,PNQ,04:35
IX1230,PNQ,DEL,05:55
IX1231,DEL,PNQ,21:20
IX1231,PNQ,DEL,18:55
IX1232,GOI,BOM,14:20
IX1232,IXE,HDO,12:05
IX1232,IXE,DEL,02:20
IX1232,IXE,LKO,02:20
IX1233,IXE,IXE,05:45
IX1234,GOI,BOM,15:10
IX1235,IXE,DEL,04:50
IX1236,GOI,IDR,12:35
IX1236,IDR,PNQ,10:25
IX1236,IXE,IXE,09:40
IX1237,IXE,IXR,05:55
IX1238,BLR,BOM,15:25
IX1238,IXE,IXR,11:20
IX1238,IXE,BBI,13:05
IX1239,BLR,IXR,06:20
IX1240,BLR,JAI,20:10
IX1240,BLR,COK,20:55
IX1240,IDR,BLR,17:05
IX1240,KAN,BLR,15:40
IX1240,KAN,HYD,15:40
IX1241,IXE,GOI,21:10
IX1242,IXE,GOI,18:05
IX1243,BLR,BOM,15:55
IX1245,IDR,GOI,14:45
IX1245,IDR,PNQ,15:55
IX1245,PNQ,IDR,17:35
IX1249,BLR,PAT,13:35
IX1251,DEL,IXR,12:40
IX1252,DEL,VNS,16:00
IX1254,MAA,CCU,09:35
IX1254,KAN,MAA,06:25
IX1257,PNQ,DEL,00:30
IX1258,DEL,PNQ,02:50
IX1258,PNQ,DEL,01:20
IX1259,IXB,CCU,13:55
IX1261,BLR,VTZ,10:15
IX1261,PAT,MAA,12:55
IX1262,BLR,IXR,17:00
IX1263,DEL,STV,10:20
IX1263,STV,DEL,12:05
IX1264,DEL,STV,22:20
IX1264,STV,DEL,20:55
IX1265,DEL,GAU,18:50
IX1269,BLR,SXR,15:05
IX1269,SHI,BLR,18:30
IX1270,BLR,SXR,22:50
IX1271,SHI,IXJ,13:40
IX1271,SHI,DEL,16:10
IX1272,DEL,SXR,15:30
IX1272,IXJ,SXR,15:20
IX1272,SHI,IXJ,14:20
IX1273,AYO,DEL,09:40
IX1276,IXE,DEL,08:30
IX1279,HYD,GAU,10:50
IX1279,HYD,DEL,10:50
IX1280,IDR,BOM,10:10
IX1283,DEL,BOM,07:55
IX1284,PAT,DEL,07:50
IX1285,PAT,DEL,08:30
IX1345,BLR,HYD,14:15
IX1345,HYD,BLR,12:45
IX1347,DEL,GOI,21:40
IX1348,DEL,GOI,03:30
IX1397,DEL,GWL,13:10
IX1461,DEL,IMF,11:25
IX1511,KAN,HDO,07:00
IX1512,GOI,CCU,16:45
IX1512,KAN,GOI,16:10
IX1512,KAN,HDO,19:30
IX1513,KAN,BLR,09:40
IX1514,GOI,DEL,16:15
IX1516,KAN,GAU,18:00
IX1517,GOI,IMF,09:15
IX1517,KAN,PNQ,07:15
IX1518,GOI,IMF,11:10
IX1518,GOI,CCU,12:20
IX1518,HYD,IXB,12:50
IX1519,GOI,CCU,20:05
IX1520,GOI,CCU,20:35
IX1521,IXA,CCU,09:00
IX1521,KAN,IXA,08:00
IX1522,IXA,CCU,09:30
IX1522,KAN,IXZ,10:45
IX1523,KAN,IXA,15:20
IX1524,KAN,IXA,18:10
IX1527,DEL,BBI,23:00
IX1527,KAN,JAI,19:15
IX1528,KAN,GAU,19:50
IX1530,IXR,BLR,15:35
IX1531,IXB,CCU,19:00
IX1531,KAN,IXB,20:30
IX1532,IXB,CCU,19:30
IX1535,KAN,IMF,06:50
IX1538,KAN,GAU,20:00
IX1542,PNQ,CCU,09:40
IX1545,IDR,CCU,20:15
IX1546,IDR,CCU,20:45
IX1546,KAN,JAI,23:20
IX1551,KAN,MAA,18:50
IX1552,MAA,CCU,21:55
IX1552,KAN,MAA,00:35
IX1556,KAN,SXR,22:55
IX1556,SHI,CCU,19:55
IX1560,VNS,BLR,12:20
IX1562,IXB,CCU,11:40
IX1563,IXB,CCU,12:15
IX1565,VNS,JAI,16:30
IX1579,KAN,PNQ,00:20
IX1580,BLR,IXE,08:40
IX1580,IXE,BLR,10:45
IX1581,BLR,IXE,11:45
IX1581,BLR,IXR,12:50
IX1581,IXR,BLR,15:05
IX1582,IXA,BLR,09:55
IX1582,BLR,AMD,19:55
IX1584,BLR,CCU,07:50
IX1584,KAN,BLR,05:00
IX1586,BLR,HYD,22:45
IX1586,HYD,BBI,00:35
IX1601,BLR,COK,11:15
IX1603,BLR,IXC,12:10
IX1604,BLR,IXC,18:50
IX1604,BLR,DEL,19:15
IX1604,GOI,BLR,21:35
IX1607,BLR,GOI,14:25
IX1608,MAA,HYD,02:10
IX1608,MAA,CCU,02:10
IX1609,MAA,IXC,13:25
IX1621,MAA,HDO,05:55
IX1621,GOI,MAA,07:50
IX1624,MAA,HDO,11:35
IX1624,GOI,MAA,08:40
IX1625,MAA,TRZ,21:25
IX1629,MAA,IXC,14:30
IX1630,MAA,GOX,16:40
IX1634,MAA,GAU,07:55
IX1721,BLR,CCU,16:25
IX1721,KAN,BLR,19:15
IX1722,BLR,CCU,22:20
IX1722,KAN,BLR,19:50
IX1737,DEL,UDR,06:55
IX1781,DEL,IXE,15:05
IX1781,IXE,DEL,12:30
IX1782,IXE,DEL,19:10
IX1907,IDR,BLR,00:10
IX1916,DEL,MAA,06:30
IX1917,HYD,IXE,04:20
IX1920,KAN,BLR,08:10
IX1923,HYD,VNS,05:30
IX1924,IXE,CNN,06:05
IX1925,DEL,BLR,12:50
IX1930,KAN,DEL,09:00
IX1932,IXE,HYD,20:30
IX1953,BLR,PAT,19:40
IX1958,BLR,CNN,11:25
IX1958,KAN,BLR,22:40
IX1959,BLR,LKO,01:55
IX1959,KAN,BLR,23:10
IX1959,KAN,PNQ,18:25
IX1970,BLR,HDO,05:20
IX1971,BLR,HDO,12:00
IX2007,VTZ,BLR,07:55
IX2013,IXA,BLR,10:30
IX2015,IDR,PNQ,19:50
IX2016,BLR,VTZ,23:50
IX2018,BLR,HYD,06:25
IX2018,HYD,BLR,08:30
IX2019,HYD,BLR,08:30
IX2029,VNS,BLR,21:35
IX2048,BLR,LKO,07:55
IX2048,KAN,BLR,10:35
IX2049,BLR,LKO,14:05
IX2049,KAN,BLR,11:10
IX2050,BLR,STV,14:45
IX2051,BLR,STV,18:35
IX2064,BLR,VTZ,06:15
IX2064,VTZ,IXZ,08:30
IX2069,BLR,JAI,01:00
IX2069,IDR,BOM,09:30
IX2069,IDR,BBI,09:30
IX2073,IXB,BLR,08:45
IX2094,IXB,BLR,17:15
IX2094,IXB,DEL,09:55
IX2095,IXB,BLR,17:50
IX2115,BLR,COK,07:15
IX2150,DEL,BBI,05:30
IX2167,BLR,VNS,13:30
IX2167,VNS,BLR,10:25
IX2173,BLR,LKO,11:40
IX2173,KAN,BLR,06:50
IX2173,KAN,BOM,07:00
IX2174,BLR,LKO,00:10
IX2174,KAN,BLR,21:00
IX2176,BLR,JAI,19:10
IX2176,BLR,IXC,19:10
IX2176,BLR,IXR,22:20
IX2367,GOI,BOM,09:35
IX2368,GOI,BOM,10:10
IX2368,IXE,GOX,11:40
IX2429,IXB,IXA,16:30
IX2458,PNQ,JAI,15:15
IX2501,BLR,CCJ,18:55
IX2504,BLR,CCJ,09:30
IX2506,BLR,TRZ,11:30
IX2506,TRZ,BLR,06:30
IX2506,VNS,BLR,15:50
IX2507,BLR,VNS,19:05
IX2508,IXA,GOI,09:55
IX2508,GOI,HYD,08:10
IX2509,IXA,GOI,10:50
IX2537,IXB,IMF,15:45
IX2546,IXE,BLR,05:45
IX2546,IXE,BOM,05:45
IX2547,IXE,VNS,17:20
IX2549,BLR,GOI,16:00
IX2550,IXM,MAA,20:55
IX2551,MAA,IXM,22:35
IX2551,MAA,VNS,12:35
IX2551,GOI,BLR,07:25
IX2551,IXM,MAA,21:25
IX2551,IXM,CCJ,05:30
IX2551,IXM,BLR,07:55
IX2566,GOI,PAT,12:25
IX2567,GOI,PAT,13:15
IX2567,PAT,HDO,15:10
IX2568,PAT,HYD,15:40
IX2575,PNQ,HYD,09:25
IX2577,PNQ,HYD,21:00
IX2578,PNQ,HYD,21:40
IX2581,VNS,HYD,09:55
IX2607,BLR,UDR,13:00
IX2645,HYD,PNQ,02:55
IX2645,PNQ,HYD,03:55
IX2648,BLR,IXZ,11:55
IX2648,PAT,BOM,14:20
IX2649,BLR,IXZ,17:45
IX2649,PAT,BLR,15:05
IX2650,PNQ,BLR,05:20
IX2651,GOI,MAA,18:10
IX2652,GOI,MAA,18:40
IX2658,HYD,VTZ,22:25
IX2660,MAA,HDO,05:35
IX2661,MAA,BLR,18:25
IX2661,PNQ,MAA,23:45
IX2662,BLR,MAA,20:30
IX2662,MAA,BLR,19:25
IX2663,BLR,MAA,17:20
IX2663,MAA,BLR,21:45
IX2664,BLR,CJB,23:35
IX2664,MAA,BLR,22:15
IX2665,GOI,MAA,21:05
IX2676,BLR,NAG,23:20
IX2679,BLR,DEL,00:05
IX2712,BLR,JAI,09:30
IX2712,IDR,BLR,12:05
IX2712,IDR,PNQ,12:45
IX2712,PNQ,JAI,14:40
IX2713,BLR,NAG,06:50
IX2717,BLR,PNQ,16:45
IX2718,BLR,HYD,17:25
IX2719,BLR,HYD,21:10
IX2719,HYD,BLR,19:45
IX2720,KAN,PNQ,23:05
IX2745,HYD,GOX,10:40
IX2746,GOI,DEL,19:50
IX2756,BLR,DEL,12:10
IX2782,PAT,DEL,07:50
IX2785,KAN,IXZ,16:30
IX2785,PAT,CCU,13:50
IX2787,BLR,BBI,20:05
IX2802,GOI,DEL,21:00
IX2807,HYD,BBI,05:35
IX2808,BLR,LKO,13:05
IX2811,BLR,IXM,19:20
IX2812,BLR,IXM,23:15
IX2816,BLR,STV,07:30
IX2817,BLR,STV,12:05
IX2817,STV,DEL,12:05
IX2819,MAA,IXZ,10:40
IX2819,PAT,MAA,12:55
IX2820,MAA,IXZ,16:10
IX2834,VNS,PNQ,14:45
IX2835,KAN,HYD,09:20
IX2836,HYD,COK,21:15
IX2837,KAN,HYD,08:50
IX2838,BLR,PNQ,18:25
IX2839,BLR,PNQ,22:10
IX2840,BLR,PAT,09:00
IX2841,BLR,PAT,15:10
IX2841,PAT,BLR,12:20
IX2842,BLR,DEL,01:15
IX2843,BLR,DEL,06:40
IX2870,HYD,JAI,05:40
IX2871,GOI,HYD,21:30
IX2873,BLR,PNQ,04:00
IX2874,BLR,PNQ,20:10
IX2875,BLR,VGA,05:50
IX2876,BLR,VGA,09:40
IX2879,GOI,HDO,14:15
IX2880,IXB,HYD,13:35
IX2881,BLR,GAU,05:50
IX2884,HYD,GAU,22:35
IX2885,HYD,VTZ,07:00
IX2885,VTZ,HYD,08:20
IX2887,BLR,CCJ,08:50
IX2889,KAN,BLR,21:05
IX2890,HYD,JAI,22:45
IX2890,IDR,HYD,19:30
IX2891,BLR,IXZ,06:25
IX2896,IDR,HYD,18:55
IX2918,BLR,AMD,07:55
IX2918,KAN,BLR,05:10
IX2920,BLR,GOI,05:25
IX2920,GOI,BLR,06:50
IX2921,BLR,JAI,12:25
IX2921,IDR,BLR,11:30
IX2923,IXE,BLR,06:15
IX2924,GOI,BLR,07:25
IX2925,BLR,UDR,07:50
IX2926,BLR,MAA,05:50
IX2928,BLR,HYD,18:55
IX2930,BLR,CJB,08:25
IX2932,BLR,GAU,01:35
IX2932,GOI,DEL,23:15
IX2933,HYD,GOI,21:45
IX2934,BLR,HYD,08:00
IX2935,BLR,HYD,08:40
IX2935,HYD,BLR,10:10
IX2936,HYD,BLR,14:25
IX2937,BLR,HYD,12:15
IX2938,GOI,HYD,22:00
IX2938,HYD,GOX,22:55
IX2938,HYD,GAU,10:20
IX2940,BLR,IXM,07:25
IX2941,BLR,HYD,21:15
IX2941,HYD,BLR,20:05
IX2943,BLR,CJB,12:00
IX2945,BLR,GAU,09:35
IX2945,GOI,BLR,10:55
IX2945,GOI,DIB,11:25
IX2946,UDR,DEL,08:55
IX2946,UDR,BLR,08:55
IX2948,HYD,PAT,06:05
IX2948,PAT,HYD,08:25
IX2949,HYD,PAT,11:15
IX2951,BLR,HDO,11:05
IX2952,IXJ,DEL,08:45
IX2953,IXB,BLR,16:20
IX2954,BLR,DED,12:25
IX2954,DEH,BLR,15:30
IX2957,BLR,JAI,15:00
IX2957,IDR,BLR,17:35
IX2958,RPR,BLR,17:25
IX2959,BLR,GAU,18:45
IX2959,GOI,DIB,15:50
IX2959,GOI,BLR,16:20
IX2960,PAT,BBI,13:50
IX2961,KAN,BBI,13:50
IX2962,BLR,JDH,18:25
IX2967,BLR,BLR,19:00
IX2968,BLR,DED,19:10
IX2969,BLR,TRZ,08:25
IX2969,TRZ,BLR,09:45
IX2971,KAN,BLR,16:45
IX2972,BLR,IXB,22:55
IX2973,VGA,BLR,07:40
IX2974,BLR,IXE,20:25
IX2974,IXE,BLR,21:40
IX2974,IXE,BOM,15:30
IX2978,VNS,HYD,16:20
IX2980,BLR,TRV,07:10
IX2980,TRV,BLR,05:40
IX2981,BLR,TRV,08:35
IX2981,TRV,BLR,10:10
IX2983,BLR,CCU,13:20
IX2983,KAN,BLR,16:05
IX2985,BLR,CCU,19:50
IX2985,KAN,BLR,16:40
IX2985,TRV,BLR,21:50
IX2986,IDR,GAU,18:05
IX2986,KAN,MAA,10:20
IX2987,GOI,JAI,21:05
IX2987,IDR,GAU,00:10
IX2989,IXB,DIB,14:25
IX3002,ATQ,DEL,15:50
IX3305,DEL,SXR,06:20
IX3306,DEL,SXR,10:35
IX4031,DEL,BLR,15:30
IX4203,PNQ,BLR,10:05
IX4401,GOI,BLR,06:45
IX4406,GOI,BLR,22:55
IX4407,GOI,STV,07:15
IX4409,GOI,LKO,06:25
IX4411,GOI,IXC,06:25
IX4412,GOI,IXC,05:55
IX4412,GOI,HYD,06:45
IX4412,GOI,DEL,06:45
IX4461,DEL,IXU,16:20
IX4578,PNQ,BLR,00:00
IX4907,BLR,PNQ,19:10
IX4908,BLR,PNQ,18:15
IX4951,IXA,GAU,11:00
IX4952,IXA,GAU,11:30
IX4962,DMU,GAU,14:05
IX4963,DMU,GAU,14:55
IX5002,ATQ,DEL,14:20
IX5007,STV,DEL,14:45
IX5009,STV,DEL,14:15
IX5301,KAN,IXE,07:00
IX5301,TRV,CNN,07:20
IX5302,KAN,BLR,10:15
IX5302,KAN,TRV,10:15
IX5302,TRV,CNN,17:00
IX6090,PAT,CCU,11:45
IX6091,PAT,CCU,12:20
IX9008,GOI,HYD,12:00
IX9008,GOI,BLR,12:35
IX9008,RPR,BLR,07:25
IX9051,GOI,ATQ,15:55
IX9072,KAN,AMD,15:40
QP1108,AMD,DEL,11:05
QP1108,BOM,AMD,11:55
QP1120,DEL,BOM,21:15
QP1124,COK,BLR,20:30
QP1124,BOM,CCU,17:40
QP1125,COK,BOM,21:10
QP1127,BOM,DEL,13:00
QP1128,BOM,DEL,18:20
QP1135,BLR,GAU,00:20
QP1135,GAU,BOM,16:55
QP1135,GAU,BLR,17:30
QP1140,BOM,CCU,19:15
QP1141,BOM,CCU,01:20
QP1152,BOM,LKO,11:00
QP1153,LKO,BOM,13:50
QP1172,BOM,CCU,00:35
QP1173,BOM,CCU,07:45
QP1194,BOM,BLR,05:55
QP1195,BLR,BOM,21:45
QP1301,DIB,BOM,19:05
QP1302,DIB,BOM,19:40
QP1302,DIB,DEL,17:35
QP1305,BOM,MAA,15:40
QP1306,BOM,AMD,17:40
QP1307,BOM,AMD,21:00
QP1311,BLR,PNQ,06:30
QP1312,BLR,PNQ,10:30
QP1318,BLR,PNQ,00:05
QP1318,PNQ,BLR,22:10
QP1323,IXA,GAU,11:50
QP1323,BLR,GAU,06:50
QP1323,GAU,BLR,12:30
QP1323,GAU,IXA,13:05
QP1324,IXA,GAU,14:20
QP1324,BLR,GAU,19:10
QP1324,GAU,IXA,16:10
QP1324,GAU,BLR,16:45
QP1324,GAU,IXB,09:50
QP1325,BLR,AMD,05:55
QP1332,AMD,BLR,19:55
QP1332,BLR,AMD,22:10
QP1334,AMD,DEL,11:15
QP1336,BLR,DEL,18:25
QP1342,AMD,DEL,07:05
QP1342,AMD,BOM,15:30
QP1342,DEL,AMD,08:45
QP1350,BLR,DEL,23:55
QP1355,DEL,HYD,08:15
QP1358,DEL,GOX,21:20
QP1359,BLR,DEL,05:00
QP1361,BLR,COK,15:10
QP1361,COK,BLR,13:50
QP1362,BLR,COK,10:15
QP1362,BLR,DEL,09:30
QP1362,COK,BLR,09:25
QP1364,BLR,PNQ,15:20
QP1364,PNQ,BLR,16:55
QP1365,BLR,PNQ,19:20
QP1366,BLR,BOM,20:00
QP1366,BOM,BLR,21:55
QP1367,BLR,BOM,23:50
QP1372,BLR,GAU,05:25
QP1373,BLR,IXB,14:00
QP1375,BLR,BOM,08:05
QP1375,BOM,BLR,09:55
QP1377,BLR,BOM,21:45
QP1377,COK,BOM,09:35
QP1377,COK,AMD,09:35
QP1377,COK,BLR,23:00
QP1379,DEL,GOX,14:00
QP1380,DIB,BOM,14:55
QP1381,DIB,BOM,15:40
QP1381,BOM,GOX,17:00
QP1384,BHU,BLR,08:00
QP1385,IXB,GAU,10:10
QP1385,IXB,BLR,11:30
QP1385,IXB,BOM,11:30
QP1385,BOM,IXB,11:00
QP1386,IXB,BOM,14:35
QP1386,BOM,IXB,17:55
QP1401,BLR,MAA,13:40
QP1402,DEL,AMD,08:55
QP1403,DEL,AMD,13:25
QP1405,DAR,DEL,10:50
QP1405,DEL,HYD,08:15
QP1405,HYD,DEL,06:00
QP1406,DAR,DEL,11:25
QP1406,DEL,HYD,14:10
QP1406,HYD,DEL,16:30
QP1407,HYD,DEL,17:40
QP1409,HYD,DEL,00:10
QP1410,DEL,AMD,09:25
QP1410,BOM,DEL,07:05
QP1411,BOM,DEL,12:20
QP1421,BLR,VNS,07:15
QP1424,BLR,VNS,22:35
QP1424,BLR,CCU,20:45
QP1424,BLR,AMD,20:45
QP1437,PNQ,BLR,22:30
QP1438,BLR,HYD,06:25
QP1438,HYD,UDR,08:05
QP1439,BLR,HYD,14:40
QP1439,HYD,BLR,13:30
QP1446,BOM,AMD,08:20
QP1451,LKO,BOM,13:05
QP1451,BOM,LKO,10:35
QP1477,CJB,BLR,19:15
QP1491,BOM,GOX,17:00
QP1502,LKO,BLR,10:00
QP1502,LKO,BOM,10:55
QP1503,BOM,GAU,13:30
QP1505,AMD,PNQ,05:35
QP1508,AMD,PNQ,19:55
QP1508,PNQ,AMD,21:30
QP1508,PNQ,VNS,01:05
QP1508,PNQ,MAA,06:50
QP1509,AMD,PNQ,23:45
QP1510,AMD,PNQ,19:15
QP1510,PNQ,AMD,17:55
QP1519,BOM,COK,14:00
QP1520,COK,BLR,08:50
QP1521,BOM,COK,19:45
QP1525,LKO,BOM,14:45
QP1526,LKO,BOM,13:00
QP1527,BLR,LKO,07:15
QP1528,AMD,BOM,00:35
QP1528,BOM,GOX,21:00
QP1528,BOM,AMD,23:10
QP1530,DAR,BOM,09:00
QP1530,DAR,BLR,10:00
QP1530,BOM,DBR,17:05
QP1531,GWA,AMD,13:30
QP1532,GWA,AMD,14:10
QP1533,AMD,GOX,11:40
QP1533,DIB,AMD,13:25
QP1533,DIB,DEL,10:40
QP1534,AMD,GOX,16:00
QP1534,DIB,AMD,14:05
QP1538,IXZ,CCU,11:20
QP1539,BLR,BOM,02:35
QP1539,BOM,BLR,00:45
QP1541,COK,BLR,23:40
QP1546,BOM,IXB,08:00
QP1546,BOM,DEL,08:00
QP1546,BOM,IXD,12:50
QP1546,PRA,BOM,15:15
QP1547,BOM,IXD,18:30
QP1559,BOM,CCU,17:20
QP1559,BOM,VNS,13:05
QP1560,BOM,CCU,00:10
QP1561,BLR,CCU,06:05
QP1561,COK,DEL,08:55
QP1562,COK,PNQ,09:30
QP1562,PNQ,GOX,16:10
QP1563,DIB,PNQ,15:00
QP1563,COK,PNQ,19:45
QP1564,BLR,CCU,23:15
QP1566,BOM,IXB,17:55
QP1572,BLR,BBI,05:15
QP1572,BHU,BLR,07:25
QP1608,DEL,BLR,14:50
QP1608,PNQ,BLR,17:35
QP1613,BLR,VNS,20:40
QP1614,BLR,VNS,01:35
QP1614,VNS,BOM,19:20
QP1614,VNS,BLR,19:55
QP1625,DEL,GOX,11:40
QP1625,DIB,DEL,14:15
QP1629,DEL,BOM,17:30
QP1629,DIB,DEL,14:50
QP1633,HYD,VNS,08:20
QP1633,VNS,HYD,10:10
QP1634,HYD,VNS,12:50
QP1634,HYD,BLR,13:30
QP1634,VNS,HYD,10:50
QP1637,BOM,SXR,05:55
QP1638,SXR,DEL,13:50
QP1648,AMD,DEL,11:05
QP1648,DEL,AMD,09:25
QP1655,AMD,DEL,00:15
QP1682,DAR,DEL,10:50
QP1684,DAR,HDO,11:35
QP1719,BOM,IXB,10:55
QP1728,BOM,BLR,08:50
QP1729,BLR,BOM,11:20
QP1736,BLR,BOM,06:00
QP1738,BLR,BOM,01:00
QP1743,BLR,CCJ,22:55
QP1744,BLR,CCJ,02:00
QP1750,BLR,DEL,00:50
QP1767,BLR,BOM,00:35
QP1781,AMD,BOM,10:00
QP1781,BOM,AMD,08:40
QP1801,DEL,CCU,05:55
QP1802,DEL,CCU,11:25
QP1802,DEL,SXR,12:05
QP1802,SXR,DEL,13:50
QP1803,DEL,BOM,09:20
QP1803,DEL,PNQ,09:20
QP1803,DEL,CCU,17:00
QP1803,SXR,DEL,14:30
QP1804,DEL,CCU,22:30
QP1805,DEL,BLR,06:30
QP1807,DEL,GOX,14:00
QP1809,DEL,PNQ,18:10
QP1810,DEL,PNQ,23:15
QP1810,PNQ,BLR,21:30
QP1811,BLR,DEL,04:00
QP1811,DEL,BLR,07:00
QP1812,BLR,DEL,02:00
QP1812,DEL,BLR,22:45
QP1819,BOM,DEL,14:30
QP1820,BOM,DEL,19:50
QP1822,AYO,DEL,12:50
QP1822,AYO,BLR,12:50
QP1822,BLR,DEL,17:40
QP1822,DEL,BLR,14:50
QP1823,BLR,DEL,08:10
QP1824,BLR,DEL,22:55
QP1850,BLR,IXB,09:45
QP1880,BLR,GOP,11:10
QP1881,DEL,GOP,16:30
QP1883,BLR,GOP,22:15
QP1883,GOR,BLR,14:15
QP1883,GOR,DEL,18:50
QP1903,AMD,IXB,12:00
QP1903,IXB,AMD,14:20
QP1904,AMD,IXB,18:05
QP1904,IXB,AMD,15:00
QP1905,AMD,BLR,18:35
QP1905,BLR,AMD,20:50
QP1906,AMD,BLR,00:20
QP1925,AMD,CCU,05:15
QP1925,COK,AMD,07:50
QP1925,COK,IXZ,08:30
QP1925,IXZ,CCU,10:45
QP1926,AMD,CCU,11:20
QP1926,AMD,BOM,11:00
QP1926,AMD,COK,11:00
QP1926,COK,IXZ,13:40
QP1926,COK,AMD,14:25
QP1926,IXZ,CCU,11:20
QP1926,IXZ,MAA,09:55
QP1951,GOR,BOM,10:00
QP1952,GOR,BOM,10:40
QP1954,AMD,BOM,06:50
QP1954,BOM,AMD,08:20
QP1975,AMD,COK,11:50
QP1985,BOM,BLR,23:15
QP1986,BOM,BLR,19:40
QP3145,AMD,BOM,15:30
QP3145,BOM,AMD,14:25
QP4129,UDR,BOM,11:20
QP6501,HYD,UDR,17:10
QP6503,HYD,UDR,12:15
QP6509,DEL,PNQ,01:10
QP6594,COK,DEL,00:35
QP7102,HYD,BLR,07:40
QP7102,HYD,UDR,07:40
QP7105,BOM,IXB,11:05
QP9016,DIB,GAU,12:50
S5107,BEL,AMD,07:55
S5111,BEL,BOM,07:50
S5112,BEL,BOM,14:05
S5117,BLR,GBI,08:15
S5118,BLR,GBI,10:45
S5118,HYD,RPR,08:25
S5135,HYD,NAG,10:30
S5151,BLR,HYD,19:40
S5152,BLR,HYD,22:30
S5152,HYD,PNQ,21:15
S5159,BLR,IXX,06:40
S5160,BLR,IXX,10:10
S5165,HYD,AMD,14:10
S5166,HYD,LKO,10:15
S5166,HYD,AMD,10:00
S5169,BEL,AMD,17:25
S5170,BEL,JAI,19:50
S5170,BEL,JRG,12:00
S5173,HYD,PNQ,06:40
S5173,HYD,HYD,08:00
S5174,HYD,PNQ,21:15
S5176,HYD,HYD,01:35
S5181,BLR,GOX,11:20
S5184,BLR,NDC,19:15
S5190,HYD,NAG,10:40
S5191,HYD,NAG,14:05
S5196,HYD,NDC,18:35
S5196,HYD,HYD,19:05
S5197,HYD,NDC,18:05
S5200,HYD,KQH,08:30
S5201,HYD,PNQ,14:30
S5210,HYD,GOX,14:20
S5211,HYD,GOX,16:30
S5212,HYD,RQY,09:30
S5213,HYD,RQY,15:25
S5213,HYD,HYD,17:00
S5216,HYD,TIR,10:30
S5216,SOL,KLH,12:25
S5216,SOL,HYD,07:45
S5217,HYD,TIR,13:40
S5217,SOL,KLH,13:00
S5218,HYD,AMD,19:30
S5222,HYD,KQH,16:55
S5226,HYD,JRG,06:40
S5226,HYD,NDC,18:00
S5227,HYD,JRG,23:05
S5227,HYD,HYD,21:45
S5228,HYD,LKO,08:55
S5229,HYD,LKO,18:45
S5229,HYD,JRG,17:25
S5230,HYD,RPR,19:10
S5231,HYD,KQH,01:10
S5249,HYD,NDC,19:25
S5250,HYD,PNQ,18:00
S5265,BLR,GOX,18:35
S5266,BLR,COK,23:30
S5266,BLR,NDC,10:10
S5308,HYD,BOM,10:35
S5309,HYD,BOM,11:00
S5332,SOL,PNQ,13:30
S5339,BLR,SSE,10:55
S5340,BLR,SSE,17:15
S5394,HYD,AMD,20:05
S5459,HYD,JRG,16:25
S5459,HYD,BLR,16:25
S5511,SOL,BLR,12:10
S5605,BEL,JRG,19:50
S5605,HYD,BBI,14:00
S5606,BEL,JRG,19:30
S5606,HYD,BBI,13:35
S5701,BLR,VDY,07:50
S9508,BHO,HJR,13:50
S9508,BHO,DPP,13:25
S9509,BHO,HJR,15:55
S9510,BHO,DPP,18:00
S9510,BHO,AHA,11:20
S9510,BHO,BHO,16:20
S9514,RPR,BHO,09:45
S9519,RPR,AHA,15:10
S9521,BHO,REW,11:10
S9521,BHO,DPP,11:40
S9521,BHO,AHA,11:40
SG1063,ATQ,DEL,12:30
SG1064,ATQ,AMD,17:10
SG1065,ATQ,AMD,17:45
SG1077,ATQ,PNQ,09:20
SG1077,JAI,PNQ,05:20
SG1077,KOZ,JAI,11:25
SG1078,JAI,AMD,19:35
SG1080,ATQ,PNQ,17:30
SG1080,JAI,AMD,22:05
SG1080,JAI,PNQ,22:05
SG1080,KOZ,GOX,18:55
SG1081,KOZ,GOX,11:25
SG1082,KOZ,GOX,16:15
SG121,ATQ,IXL,05:55
SG123,ATQ,IXL,10:10
SG129,ATQ,SXR,14:40
SG130,ATQ,CCU,08:25
SG130,ATQ,SXR,09:50
SG130,JAI,DEL,06:05
SG132,ATQ,IXL,09:15
SG141,ATQ,DEL,05:55
SG141,ATQ,BLR,08:45
SG152,KOZ,DEL,05:50
SG160,ATQ,IXJ,14:20
SG160,JAI,SXR,16:30
SG160,KOZ,IXJ,17:05
SG161,ATQ,SXR,21:10
SG161,KOZ,IXJ,17:45
SG169,ATQ,IXB,22:00
SG173,KOZ,BOM,22:50
SG173,KOZ,CCJ,12:15
SG174,KOZ,CCJ,20:35
SG180,ATQ,SXR,11:30
SG184,ATQ,PNQ,19:55
SG185,JAI,DEL,01:00
SG186,ATQ,PNQ,09:40
SG187,ATQ,IXB,16:20
SG190,JAI,IXZ,19:10
SG190,KOZ,CCU,16:30
SG190,KOZ,MAA,12:45
SG191,JAI,IXZ,13:40
SG191,KOZ,CCU,15:55
SG193,ATQ,AMD,22:20
SG228,ATQ,BOM,12:10
SG2449,JAI,DEL,22:35
SG254,ATQ,CCU,18:55
SG254,KOZ,CCU,14:50
SG263,ATQ,CCU,07:30
SG263,JAI,DEL,10:00
SG263,JAI,IXZ,10:50
SG277,ATQ,BOM,23:45
SG277,ATQ,DEL,08:15
SG278,ATQ,BOM,00:20
SG2905,KOZ,PBD,12:05
SG2905,KOZ,IXY,12:05
SG2906,KOZ,PBD,15:35
SG2906,KOZ,UDR,17:35
SG2906,KOZ,DEL,10:20
SG2917,KOZ,DEL,11:15
SG2920,HYD,PNQ,05:45
SG2921,KOZ,HYD,05:50
SG2922,HYD,VNS,13:40
SG2923,ATQ,RQY,14:55
SG2924,ATQ,RQY,13:30
SG2924,ATQ,AMD,14:35
SG2927,HYD,GOX,21:45
SG2933,ATQ,DEL,20:20
SG2937,ATQ,GOP,10:15
SG2937,ATQ,IXB,10:35
SG2937,ATQ,JSA,10:35
SG2950,ATQ,IXY,07:40
SG2951,ATQ,SHL,11:45
SG2971,ATQ,IXM,10:15
SG2972,KOZ,DEL,11:00
SG2987,ATQ,HYD,05:40
SG2988,ATQ,HYD,23:55
SG2988,ATQ,BOM,12:00
SG2989,KOZ,DEL,21:00
SG2989,KOZ,GAU,21:30
SG2990,GAU,VNS,16:00
SG2990,KOZ,BLR,20:20
SG329,ATQ,BOM,12:50
SG329,KOZ,VNS,14:55
SG330,KOZ,VNS,21:05
SG334,KOZ,DBR,09:30
SG335,KOZ,DBR,15:45
SG3418,GAU,HGI,06:10
SG3419,GAU,HGI,15:05
SG3419,GAU,VNS,15:55
SG3419,GAU,IXS,15:55
SG3419,GAU,JRH,15:40
SG3442,JAI,IXS,17:15
SG3445,ATQ,CCU,08:10
SG3445,ATQ,GAU,08:35
SG3445,GAU,IXB,09:45
SG3445,JAI,IXB,06:50
SG3453,GAU,IXB,10:10
SG3453,JAI,MAA,13:35
SG3455,GAU,CCU,19:00
SG3455,JAI,GAU,17:45
SG3457,GAU,CCU,19:30
SG3457,JAI,MAA,20:35
SG385,ATQ,BOM,06:30
SG385,KOZ,DEL,08:35
SG386,ATQ,IXB,05:15
SG386,KOZ,DEL,22:45
SG391,ATQ,DEL,18:20
SG391,ATQ,COK,20:45
SG392,ATQ,PAT,16:30
SG416,JAI,JAI,06:10
SG444,ATQ,HYD,16:20
SG448,HYD,AYJ,18:40
SG450,ATQ,BOM,19:10
SG450,ATQ,GAU,07:30
SG458,ATQ,IXZ,13:50
SG473,ATQ,SXR,07:40
SG487,JAI,IXZ,19:10
SG488,KOZ,CCU,15:25
SG491,JAI,AMD,10:15
SG494,JAI,AMD,11:00
SG495,ATQ,DBR,13:40
SG516,JAI,BOM,07:45
SG516,JAI,BLR,05:00
SG535,ATQ,BLR,19:20
SG536,ATQ,BLR,06:10
SG541,JAI,MAA,12:25
SG542,HYD,COK,13:55
SG542,HYD,CCU,14:45
SG543,HYD,MAA,19:40
SG544,HYD,AMD,20:25
SG615,ATQ,AYJ,15:20
SG631,ATQ,SXR,08:45
SG640,ATQ,CCU,04:50
SG640,JAI,MAA,08:10
SG642,JAI,GAU,12:45
SG645,ATQ,CCU,22:05
SG645,JAI,BOM,00:55
SG646,ATQ,CCU,03:45
SG647,ATQ,BOM,06:05
SG648,KOZ,MAA,01:10
SG649,JAI,CCU,07:15
SG649,JAI,BOM,07:15
SG649,KOZ,JAI,06:50
SG651,JAI,AMD,19:35
SG651,KOZ,JAI,20:10
SG659,ATQ,HYD,21:05
SG663,ATQ,UDR,13:10
SG664,ATQ,BOM,13:55
SG666,JAI,BOM,06:00
SG669,ATQ,DEL,00:30
SG670,JAI,BOM,00:55
SG670,KOZ,JAI,20:10
SG672,ATQ,MAA,08:05
SG674,ATQ,MAA,08:45
SG674,ATQ,BLR,09:55
SG674,ATQ,AMD,00:50
SG675,JAI,BOM,18:50
SG676,JAI,BOM,19:25
SG676,JAI,MAA,19:40
SG677,ATQ,MAA,18:30
SG678,ATQ,BOM,03:25
SG686,HYD,DEL,06:50
SG691,HYD,DEL,23:20
SG694,KOZ,AMD,07:55
SG695,KOZ,BLR,08:35
SG752,ATQ,DEL,15:50
SG752,ATQ,DBR,16:45
SG757,ATQ,GAU,22:00
SG8496,ATQ,DBR,18:00
SG8614,ATQ,DEL,17:10
SG8614,ATQ,BOM,09:10
SG8615,ATQ,DEL,16:30
SG8721,ATQ,BOM,08:35
SG876,HYD,RQY,18:20
SG878,ATQ,AMD,08:50
SG879,ATQ,AMD,09:25
SG884,ATQ,AMD,16:00
SG885,ATQ,AMD,16:40
SG885,ATQ,BOM,14:20
SG885,ATQ,DEL,14:20
SG889,JAI,CCU,07:50
SG891,JAI,GAU,22:15
SG903,ATQ,AMD,07:45
SG937,ATQ,PNQ,08:10
SG945,ATQ,VNS,14:30
SG946,ATQ,VNS,18:30
SG958,ATQ,GOP,21:15
